,2021 Jan,,,,2021 Feb,,,,2021 Mar,,,,2021 Apr,,,,2021 May,,,,2021 Jun,,,,2021 Jul,,,,2021 Aug,,,,2021 Sep,,,,2021 Oct,,,,2021 Nov,,,,2021 Dec,,,,2022 Jan,,,,2022 Feb,,,,2022 Mar,,,,2022 Apr,,,,2022 May,,,,2022 Jun,,,,2022 Jul,,,,2022 Aug,,,,2022 Sep,,,,2022 Oct,,,,2022 Nov,,,,2022 Dec,,,
States_Code,New_case,Total_cases,New_death,Total_deaths,New_case,Total_cases,New_death,Total_deaths,New_case,Total_cases,New_death,Total_deaths,New_case,Total_cases,New_death,Total_deaths,New_case,Total_cases,New_death,Total_deaths,New_case,Total_cases,New_death,Total_deaths,New_case,Total_cases,New_death,Total_deaths,New_case,Total_cases,New_death,Total_deaths,New_case,Total_cases,New_death,Total_deaths,New_case,Total_cases,New_death,Total_deaths,New_case,Total_cases,New_death,Total_deaths,New_case,Total_cases,New_death,Total_deaths,New_case,Total_cases,New_death,Total_deaths,New_case,Total_cases,New_death,Total_deaths,New_case,Total_cases,New_death,Total_deaths,New_case,Total_cases,New_death,Total_deaths,New_case,Total_cases,New_death,Total_deaths,New_case,Total_cases,New_death,Total_deaths,New_case,Total_cases,New_death,Total_deaths,New_case,Total_cases,New_death,Total_deaths,New_case,Total_cases,New_death,Total_deaths,New_case,Total_cases,New_death,Total_deaths,New_case,Total_cases,New_death,Total_deaths,New_case,Total_cases,New_death,Total_deaths
AK,6557,201166,58,960,3627,218686,28,1136,3644,232950,21,1219,5695,315585,34,1610,2046,267122,22,1427,807,271506,5,1473,3887,349087,12,1888,10362,311523,52,1631,27496,483059,128,2404,22076,496884,149,2588,12793,562892,154,3264,7571,746409,108,4590,50263,716351,103,4080,28181,899143,82,4495,8806,1182762,65,6021,5552,972122,23,4944,6534,996220,23,5047,10886,1289429,0,6350,8516,1071431,5,5095,7579,1104903,29,5171,4231,1407644,25,6595,1874,1136798,47,5444,1378,1142383,23,5550,1960,1436943,19,7033
AL,92267,1673923,2395,24189,41078,1914418,2572,36177,22504,2020678,740,41086,14416,2604950,395,53597,15743,2144925,256,44093,6568,2189118,186,45000,28067,2801910,190,57129,88190,2527072,492,47121,129120,3767789,2200,65428,33870,3259392,1232,60331,15563,3355960,667,63697,36101,4292705,354,81475,281623,4187172,461,66812,113427,5026597,1092,70421,19658,6446509,1278,94423,5259,5192589,274,77891,10247,5222814,93,78480,44819,6667833,89,98498,63735,5573374,150,79320,44858,5774614,151,79932,53971,7508123,354,101164,13401,6107903,138,81933,13794,6161942,98,82414,28538,7808505,126,103532
AR,64908,1104209,855,20971,24912,1264733,269,22836,7263,1308929,163,23571,6004,1664647,109,30061,5436,1355606,76,24396,6328,1377455,106,24746,37757,1825383,605,32647,61245,1693260,876,29550,50640,2404439,571,40476,15563,2029388,340,34120,14653,2084128,246,35072,40537,2728181,565,45929,215167,2802234,1015,40118,43822,3273730,479,43303,6233,4153147,286,55529,2593,3337274,145,45314,6272,3355168,85,45604,22479,4265142,133,57647,35396,3543385,109,46547,26330,3665821,191,47228,25059,4713889,253,59988,7735,3823246,321,49417,7671,3854340,93,50102,16658,4880741,141,63172
AS,0,0,0,0,0,0,0,0,0,0,0,0,0,0,0,0,0,0,0,0,0,0,0,0,0,0,0,0,0,0,0,0,1,2,0,0,3,13,0,0,1,18,0,0,6,52,0,0,7,65,0,0,54,208,0,0,3411,6753,3,3,2334,22034,23,73,293,24039,5,118,304,31410,0,155,1057,27952,2,128,697,32204,1,133,79,41093,0,170,10,33008,0,136,5,33038,0,136,4,41324,0,170
AZ,226072,2645514,3925,44288,73407,3169664,3050,58794,25860,3319971,1149,65923,22944,4255879,439,85561,17540,3489493,289,69844,12713,3546180,298,70999,30420,4529913,318,90327,69864,3852678,452,73838,99530,5273297,1303,96850,65892,4529897,1104,82428,95517,4850937,1053,86652,115832,6610801,2073,116440,431423,6409619,1728,100878,172175,7746946,1806,108120,35502,9960896,1563,142493,14344,8071427,683,119306,28103,8144116,348,120977,75940,10468315,216,152068,70862,8682419,253,122670,49284,8919348,279,123772,25847,11316232,322,156213,16326,9123829,179,125921,36674,9229100,161,126541,53774,11807852,473,159722
CA,998453,11917556,12579,128871,299988,14076722,12049,181716,102097,14676303,7383,218826,90766,18794001,3297,295304,43969,15288118,1448,244357,29782,15426809,890,248322,131971,19613428,1132,315625,347409,16822970,1285,256795,363735,22946240,3715,334778,167371,19259764,2643,280809,158312,19918490,2206,289804,377000,25983711,2263,373874,2708256,27988550,2687,308408,793717,34997386,5260,326463,170717,45168338,4470,433650,113704,36573653,1338,355333,294790,37433053,1103,360338,582694,49180801,1028,455537,555985,41685078,1077,368719,374681,43530319,1201,373340,246769,55871343,1362,473115,99967,45276287,895,382746,123762,45690581,648,385696,335732,58363297,1056,486233
CO,57845,1508380,701,21677,33648,1676890,334,23516,28814,1795892,145,24295,51471,2441190,195,31130,33570,2137107,250,25875,13059,2214905,198,26782,15092,2828346,176,34336,31510,2361816,189,28172,64449,3211697,493,37025,61158,2823248,628,32012,90310,3140611,996,35374,92858,4355442,1170,49909,382187,4574878,922,43694,106656,5524263,862,47778,17283,7068089,255,61935,13463,5705925,51,49941,34968,5806911,76,50184,74682,7558433,230,63530,52767,6305318,184,51712,32816,6468234,163,52405,25693,8220243,163,66229,17374,6656521,106,53544,26932,6745759,173,54090,34316,8596536,264,68750
CT,63676,901503,1012,26468,30845,1072040,617,29552,23838,1168629,258,31086,35939,1627645,229,39915,9019,1378640,147,32716,1860,1393341,43,33036,4665,1754519,16,41398,15627,1451276,49,33232,21048,1910050,294,42333,11536,1589751,123,34845,14857,1638854,113,35284,85911,2281912,295,45094,187866,2526772,741,38295,31146,2852111,537,41060,14537,3653364,341,53318,19938,2989260,60,43268,44535,3129987,98,43599,30111,4102876,108,55066,21225,3374208,57,44329,20185,3459657,93,44669,21172,4421304,170,56586,16454,3615880,83,45658,12707,3671538,124,46136,22759,4675029,194,58347
DC,7107,133350,115,3395,4078,154670,106,3877,3652,169230,52,4157,3938,230524,51,5429,1289,193833,27,4479,462,196645,10,4552,984,248478,7,5723,3888,209891,7,4606,6840,291549,19,5836,2994,252118,13,4735,2520,262064,9,4777,25535,374882,14,6013,37434,481287,72,5007,4635,531294,35,5223,2484,677999,14,6632,5345,559380,9,5338,6327,579381,2,5364,8287,767300,7,6737,5541,639413,14,5431,3475,657511,13,5483,2786,836348,7,6911,1350,676547,9,5568,1608,682590,1,5605,2693,863674,8,7043
DE,19454,277066,307,5216,9681,330146,188,6239,6238,358867,84,6683,10666,491492,85,8733,3896,421410,40,7236,1046,428777,26,7360,1321,540674,16,9287,6401,448794,47,7550,14607,618459,128,9895,10418,547335,108,8442,8091,579922,83,8798,23531,801460,152,11567,69968,876438,288,10244,12090,1005057,184,11233,2721,1278485,73,14521,3873,1035122,22,11769,12182,1068229,29,11870,11134,1400684,41,15012,8454,1155267,37,12171,8301,1190695,41,12335,6961,1523636,44,15608,4195,1241002,27,12640,3335,1255777,32,12748,6010,1592098,50,16143
FL,370048,6204560,4289,96126,209490,7273201,4517,114895,135905,7892311,2504,128588,200980,10702950,2176,171030,93595,9148215,1612,144291,38273,9359587,913,148730,169096,12125361,1115,190972,547979,11490969,3582,162640,511318,17139905,11327,243894,95853,14608153,5221,228593,42839,14825228,2253,241658,186249,18919053,1285,309738,1416690,19176654,1419,252041,493529,22769810,5132,267686,67036,29330792,4121,358633,57720,23666065,801,294289,159060,24114676,504,296468,361244,31576137,1160,374426,296620,26586110,1499,305543,238723,27692144,1922,312938,151818,35515736,2242,401905,42647,28710332,1036,327160,46642,28886956,699,330491,99337,36464874,1036,417194
FSM,1,3,0,0,0,4,0,0,0,4,0,0,0,5,0,0,0,4,0,0,0,4,0,0,6,24,0,0,0,28,0,0,0,35,0,0,0,28,0,0,0,28,0,0,0,35,0,0,0,28,0,0,0,28,0,0,0,35,0,0,2,30,0,0,21,72,0,0,8,178,0,0,2731,3033,4,4,4156,27022,18,73,3889,47657,9,146,11001,84302,24,211,219,88130,0,220,35,110224,3,290
GA,230862,3218463,2803,49394,108450,3840570,3414,63341,55328,4130708,1597,72643,47851,5391150,1414,97819,24079,4456588,634,81840,10636,4513120,629,84440,39283,5739959,318,107625,176789,5073701,747,88126,225815,7517884,3528,121584,57511,6459096,2924,111334,28133,6595034,1502,119436,132541,8533989,1000,154688,514004,8368968,1249,127608,152838,9716570,2491,136568,36694,12399674,1823,181547,19141,10029119,873,150054,41318,10149830,392,152338,91552,13042159,390,191858,103347,10834023,457,155425,101790,11264085,578,157521,52559,14452287,674,200051,15371,11660862,346,161997,16640,11724615,397,163433,47918,14819901,393,206256
GU,260,29911,8,504,161,30723,1,519,60,31066,4,532,170,39359,2,678,195,32361,3,556,162,33005,0,556,213,42291,4,708,1338,36584,2,575,5174,65012,52,859,2999,68036,38,893,1106,75533,28,1031,420,96877,7,1343,10655,98808,14,1106,13615,158898,37,1237,3429,232165,25,1692,848,191211,8,1414,794,194344,8,1436,2991,252508,9,1843,3159,215323,9,1502,2542,226892,9,1544,965,291542,12,1980,187,234701,0,1604,438,236068,6,1622,737,298048,4,2050
HI,4199,97249,49,1771,1769,107741,16,1869,1824,113958,16,1930,3433,157326,13,2480,2337,137343,25,2066,1449,144003,7,2126,3876,191099,49,2797,17211,200142,194,2770,20746,358767,258,4759,4780,326630,61,4313,2905,339978,26,4449,20998,464709,41,5703,104053,686557,194,5071,24730,924002,72,5642,4716,1194042,16,7206,7825,978477,10,5795,26695,1052846,41,5902,34638,1488616,89,7751,16942,1281424,42,6430,11958,1338768,29,6576,6533,1714026,24,8356,4481,1391563,5,6732,4109,1408563,17,6762,5518,1785209,27,8586
IA,36050,1216840,678,17186,18551,1314941,914,20870,12928,1371406,273,22450,16704,1791010,244,29261,6730,1476508,113,24016,2191,1489780,76,24373,5613,1878897,63,30798,21251,1562726,85,24897,51410,2146231,295,32091,31917,1890706,402,27212,35450,2017703,389,28857,54173,2757647,504,38227,126827,2583133,641,33036,47789,2948944,584,35517,10767,3784299,346,46583,4638,3043941,99,37964,13083,3081832,58,38242,20060,3940931,102,48194,20392,3232791,93,38960,21151,3321048,124,39449,18192,4250173,170,50023,6994,3441221,102,40549,7972,3470859,99,40965,15514,4402105,146,51758
ID,21347,617275,310,6402,9080,669362,125,7193,8253,701539,113,7662,8722,920442,91,10018,4469,760467,44,8275,2782,774207,53,8473,4998,984333,50,10848,16545,836786,125,9039,39356,1192630,539,12897,33506,1107680,646,13072,16207,1200092,391,14995,13328,1564992,269,20264,50207,1375665,197,17100,50503,1610908,356,18335,24745,2193419,158,24137,1907,1780600,50,19630,4517,1793179,13,19719,12642,2286191,35,24755,14705,1888298,58,20013,9645,1936679,73,20286,8155,2462490,71,25716,4344,1992927,45,20802,4942,2011080,35,20958,6831,2545437,64,26450
IL,156805,4238864,3140,79588,67157,4633282,1625,88084,48361,4835697,833,92584,100751,6436988,801,119365,49937,5454873,847,98993,11490,5547501,550,101789,25691,7004438,286,128951,83449,5854666,444,104525,125142,7894332,1284,135340,66109,6670944,930,112861,94627,6970818,708,116041,334262,9726862,1650,150632,748137,10395171,3223,130786,155278,11951673,2477,143365,44006,15252357,1036,186827,61553,12400001,237,151259,146221,12864345,233,152083,151622,16844674,455,191830,124611,14004798,277,154971,110752,14492828,389,156362,96953,18626850,429,197491,46369,15144101,280,159360,56202,15357886,297,160515,102330,19610176,390,202322
IN,112156,2328837,1823,42139,40869,2584136,1330,48118,21996,2687151,506,51273,37522,3510092,338,65879,24136,2936150,260,53906,10411,2994559,240,54913,16515,3800529,182,69631,65343,3211863,347,56687,127036,4574007,1284,75180,56788,3997045,1014,65118,66696,4219216,748,68409,150431,5854140,1602,91486,339888,5758364,2068,80890,103821,6641077,1637,88579,12415,8437280,710,116008,9727,6782314,162,94062,27048,6862971,123,94563,44365,8768036,189,118997,51113,7207611,208,95993,59231,7441755,292,97063,39466,9553446,330,122883,15572,7721957,192,99253,21856,7803645,239,100180,43339,9929079,331,126552
KS,49745,1029759,949,13816,20320,1150700,935,17425,7289,1196279,179,19223,7425,1528922,111,24643,5132,1248893,82,20123,3361,1264500,77,20420,11809,1613210,112,25935,33511,1394163,299,21651,46479,1961986,513,29101,23871,1697510,296,24819,28344,1798167,329,26366,58527,2471817,340,34501,190155,2502789,388,28937,54221,3013096,526,31144,5799,3843743,365,40597,3872,3088016,298,34038,12061,3121772,289,35011,21043,3989957,26,44506,27935,3294686,23,35717,23810,3402426,28,35800,19691,4361011,120,45778,8626,3535260,54,38373,10762,3574349,50,38563,18894,4547785,56,48497
KY,97692,1326525,874,12405,44253,1574672,981,16732,18466,1676401,1338,20364,18482,2181498,659,31337,11459,1806158,248,26532,5279,1834603,468,28518,17966,2339504,131,36343,83091,2092372,253,29769,139982,3260228,1060,40754,45170,2933467,1032,37191,36926,3071705,1095,40973,88882,4154335,1337,57946,310805,4209707,689,50089,129843,5143898,878,53269,17770,6632891,1231,71931,5450,5338327,518,60497,25399,5401000,491,63031,48572,6945979,240,80266,62938,5790449,207,65068,68074,6057289,252,66003,53622,7901189,366,84129,17634,6423153,292,68593,20360,6502225,198,69551,33968,8265803,211,87902
LA,81184,1456353,1240,32774,34516,1668916,839,37135,15301,1748513,528,39490,15120,2254960,311,51272,12491,1861705,195,41946,9101,1902674,147,42604,53009,2498952,240,54131,139285,2473941,1277,46552,68424,3591135,1675,66374,18078,3007810,604,57293,11312,3059761,266,58731,47177,3929058,211,74488,328976,4011943,540,60908,78779,4824744,1035,64705,8229,6150640,560,84623,5064,4940195,113,68768,17319,4984661,84,69153,50904,6411857,92,86816,66635,5386889,145,69922,46063,5607399,272,70857,36253,7223760,223,89759,6983,5836663,122,72517,9008,5867093,91,72900,22275,7454726,112,91609
MA,141585,1843043,1966,54328,64382,2215884,1641,61483,45931,2406203,1025,66463,66427,3314097,608,87046,19784,2802114,261,71002,3516,2834346,141,71736,8401,3564118,91,90118,32304,2946713,128,72571,60071,3930499,401,92083,38628,3338576,370,75354,55460,3515958,295,76613,191418,5004554,588,97957,484780,5697261,124,79831,86017,6586081,4,79914,30543,8423597,117,100133,52611,6907479,149,80757,105724,7253137,297,81667,67147,9499300,388,103942,33197,7768956,195,84227,40610,7928261,215,85024,44148,10111510,304,107620,46036,8295595,377,87557,23081,8406248,374,89015,45167,10673745,543,113478
MD,72870,1286683,1146,26221,31931,1475619,793,30085,24110,1571758,425,32233,42893,2146504,495,42482,13386,1820604,328,35686,3008,1844287,685,38697,5044,2320170,91,48869,22999,1919186,153,39583,40931,2571078,460,51114,27062,2196052,415,42778,22573,2285156,307,44173,111765,3117887,555,56688,272840,3565704,1577,50554,34128,3963766,782,55426,12269,5036586,282,71299,17255,4083763,96,57606,49369,4223956,140,58112,54683,5566971,204,73504,42712,4635221,178,59547,40170,4806902,174,60276,32634,6179991,250,76426,17654,5038210,145,61902,18201,5110111,159,62522,30795,6508844,249,79176
ME,14253,133675,220,1945,5664,169811,133,2624,5072,188701,32,2885,11755,279551,50,3799,6479,262180,44,3232,1465,274044,29,3384,1373,347660,45,4385,4441,291089,27,3650,15286,414789,96,4896,12480,392803,132,4422,16020,449374,149,4974,27140,667505,222,7085,25895,644782,203,6638,51401,792046,243,7453,12865,1164356,231,10787,7802,961189,80,9055,17995,1021788,64,9317,8339,1334779,69,11984,5556,1093007,50,9845,5680,1116528,40,9981,7904,1430243,72,12756,7680,1176355,65,10490,3967,1198334,79,10800,5271,1519022,63,13814
MI,75634,2318872,2303,58078,37041,2514845,1072,64133,65284,2700166,558,67007,221855,4216281,1654,88917,61592,3894674,1640,78805,8853,3986132,670,82815,9576,5016381,246,105369,41725,4125066,288,85252,99911,5525440,911,109763,115317,4891860,1171,92168,181849,5461753,1716,98023,263095,8004326,3777,137267,493321,8036072,2965,123329,146822,9287755,2384,134161,37029,11878473,1283,176418,38449,9631649,344,143519,101885,9947181,355,144759,78600,12893091,562,183267,65881,10580718,513,148833,78889,10884095,481,150884,84966,14018816,716,191563,50009,11470827,626,156027,43436,11655937,723,158649,59042,14818589,794,202339
MN,44237,1771881,456,26674,23671,1887515,156,27621,27750,1985880,264,28525,63407,2729051,305,36963,27842,2366591,148,30503,5014,2411395,37,30799,6800,3036746,44,38644,28961,2507582,196,31436,67850,3389343,537,41215,73450,3024767,619,35473,109585,3391337,987,38884,124280,4843384,1107,54084,264672,4636845,747,46509,129888,5533918,503,49353,19107,7114218,106,62633,19954,5757712,57,50337,51653,5921462,120,50717,52298,7659154,110,64008,37766,6303557,116,51591,40253,6464262,128,52135,33978,8260328,207,66051,21252,6713875,171,53591,18949,6787796,199,54329,29863,8616953,258,69123
MO,89495,1986826,1333,26287,34803,2199498,1206,31017,15176,2280353,549,34614,15167,2919101,341,44925,14134,2399730,360,37367,15771,2453995,183,38475,58626,3246456,401,49426,74149,2908977,792,42169,71690,3990991,1105,57684,32057,3385322,562,49428,44928,3520292,490,51452,102226,4786414,736,76789,295420,4723367,1145,67546,98082,5507875,1307,73194,17012,7045915,1491,98800,13522,5689784,355,81416,24654,5768847,138,82359,52883,7415287,267,104140,55756,6158599,179,84053,47772,6372449,266,85027,43894,8182050,259,107656,20179,6664244,224,87019,21363,6748032,168,87765,37341,8582320,240,110722
MP,10,514,0,8,11,544,0,8,15,604,0,8,6,806,0,10,17,695,0,8,2,732,0,8,7,932,0,10,39,857,0,8,39,1280,0,10,23,1133,1,11,313,1722,0,12,2481,9983,10,35,1479,15951,10,82,4701,29290,4,98,1800,52831,6,155,198,44845,1,135,70,45234,0,136,496,57649,1,171,744,48993,2,142,477,51596,3,156,121,65759,0,200,38,52792,1,164,13,52873,0,164,113,66320,0,205
MS,55617,997633,1170,21883,23220,1142366,688,25654,11733,1199348,376,27503,7734,1540911,212,35587,5705,1259814,108,29034,3228,1276346,89,29427,19662,1641312,139,37318,80220,1541171,651,31403,67119,2330060,1408,45317,16373,1993362,471,39694,8966,2036019,202,40793,26220,2617751,178,51776,166746,2552604,335,42529,82341,3082140,1179,46349,6488,3964241,443,61416,2822,3185441,43,49701,8551,3207635,27,49833,26412,4097890,50,62453,40053,3427213,113,50305,32640,3572591,137,50905,22560,4607477,146,64259,5600,3724289,56,51806,5124,3745174,66,52048,16956,4736297,63,65330
MT,11314,354509,250,4373,6698,388535,150,5295,4421,407714,81,5578,4824,532702,136,7564,2973,442113,41,6374,1947,451012,51,6558,2487,573250,48,8416,8388,482109,69,6964,25547,690890,228,9404,24260,660916,320,8715,15594,738674,290,9980,7382,971746,293,14159,35996,859793,84,11795,31218,1022762,165,12315,8268,1356380,93,16114,1240,1092948,107,13122,3715,1103186,47,13540,9646,1415170,45,17181,9455,1172303,24,13836,7570,1205972,32,13948,6563,1540473,19,17561,3833,1253064,54,14264,3541,1266910,23,14342,4949,1605745,23,18058
NC,196939,2714344,2793,38709,103053,3271599,1523,47214,47528,3513162,466,50254,61944,4659689,394,64693,31174,3915597,340,53273,12126,3985736,171,54246,38538,5084064,220,68612,141750,4477169,915,57169,214108,6590525,2436,81111,73899,5784441,1219,72051,49482,5994994,557,75076,155857,7950469,817,97058,726794,8457822,1985,83439,204436,10246310,2224,93054,28558,13129574,789,122780,30516,10599138,153,99488,90467,10860479,134,100056,112228,14136601,148,125734,115912,11744079,277,101582,115793,12237911,359,103018,99943,15806260,680,132069,38573,12900609,428,107615,31058,13032541,391,109128,48316,16496057,283,137726
ND,4655,382319,72,5585,2380,394569,29,5755,2470,403968,21,5849,5156,525847,26,7415,2625,435979,18,6024,828,441431,16,6098,803,554904,11,7677,4257,454264,17,6195,15734,621286,62,7951,14987,564669,153,6835,13457,619866,110,7375,12763,840051,138,9914,44203,784483,95,8292,20492,932631,92,8686,2365,1195597,50,11205,1043,961048,19,9079,2630,968657,9,9122,5621,1233049,18,11477,6514,1011346,21,9253,7079,1040199,29,9370,5753,1331091,34,11855,3605,1082591,10,9573,3598,1096802,13,9621,4533,1391403,17,12083
NE,23837,715393,242,9642,11048,776260,73,10150,7939,810352,55,10385,11141,1062373,66,13279,3385,876464,46,10837,984,882625,9,10940,3738,1113594,63,13850,12329,926008,122,11489,25414,1262802,222,15232,17032,1092226,164,12998,24105,1176101,245,13806,32466,1614205,303,18744,103791,1584507,303,16165,25798,1842690,126,17025,3624,2341200,20,21494,2297,1882273,11,17243,6137,1900001,10,17290,14072,2428264,26,21703,15181,2004251,24,17472,12219,2059935,14,17548,9779,2629663,133,22181,4643,2126987,26,18171,7547,2152740,102,18440,13945,2747823,32,23372
NH,20321,225963,265,3657,10695,282191,151,4497,7263,314343,71,4792,12884,447894,69,6319,4065,389422,49,5316,896,396349,23,5443,1099,499534,17,6897,5418,413502,22,5586,13837,567245,71,7249,12721,512763,65,6085,23270,584676,139,6529,40945,899659,267,9135,71144,956687,223,8327,27901,1151795,195,9210,6682,1503291,84,12125,6810,1223251,25,9861,14133,1270835,51,10022,8557,1645242,54,12813,5951,1342119,41,10436,5356,1365086,29,10566,6661,1734684,51,13395,6497,1415595,34,10883,4135,1436543,69,11143,6474,1820553,46,14179
NJ,153242,2480363,2268,81569,98849,2969041,1857,89652,102550,3348956,1215,95554,115187,4788105,1216,125093,21848,4040440,651,103778,6851,4077401,250,105325,14153,5141734,178,132615,43925,4242736,208,106803,72343,5617514,605,135693,40958,4717863,529,110907,45158,4875488,379,112671,256995,6724492,659,143326,590031,7738156,2062,120285,75806,8567227,1771,128222,37148,10921073,425,165567,53705,8916254,186,133334,118464,9279220,240,134220,114332,12216517,385,169435,97654,10175285,214,136655,79379,10541610,237,137580,73859,13524733,245,173205,51495,11076744,135,139277,48322,11275096,208,139965,84175,14417409,384,176462
NM,29861,645985,762,11656,12732,719553,459,14017,6493,752563,250,15364,6941,972014,141,19954,5357,803067,206,16549,2561,816648,78,17197,4553,1036042,75,21848,17952,878667,81,17801,24381,1214372,300,23262,20838,1058658,239,19732,35236,1174631,283,20758,39740,1666467,519,27870,112231,1635736,528,24568,49642,1997092,494,26665,8039,2577476,404,35517,4071,2080614,210,29623,10426,2108900,266,30511,30551,2746946,197,39340,26014,2314579,296,32325,19201,2406580,162,33290,10119,3074334,177,42516,8043,2490969,68,34423,16466,2543638,71,34711,15730,3266290,91,43757
NV,51278,1030394,1071,14888,18186,1147953,786,18647,9668,1193676,283,20404,12748,1545066,245,26745,8774,1281767,122,22117,7113,1309828,84,22497,23381,1712408,220,28786,30373,1489931,502,24673,35999,2032886,731,34019,17337,1725284,492,29694,17274,1793400,372,31324,26604,2341104,435,41178,155371,2274259,430,34592,36811,2669659,737,37336,33242,3477104,518,49696,5526,2839692,660,42071,16169,2883313,121,43272,38250,3754786,167,54843,52342,3166097,182,44625,13118,3312406,154,45282,15173,4208900,126,57223,5626,3402616,54,46145,8788,3433456,69,46374,14369,4354909,127,58420
NY,247347,2796897,3404,58825,118834,3462028,2014,69549,94919,3851268,743,73943,116130,5371698,712,95912,34201,4555899,328,78716,7786,4617965,171,79528,12419,5809658,55,99837,56093,4802238,236,80443,112465,6453568,738,103233,87707,5575678,712,85600,115753,5962334,699,88472,320152,8492453,1512,116095,656757,9313973,2122,100517,106772,10396340,1301,107836,44487,13248947,373,137932,93745,10886658,214,111237,148866,11425659,437,112651,88317,14843243,369,142879,77568,12185364,263,115436,70759,12493769,297,116644,81120,15974536,337,147351,62948,13080813,390,119376,50478,13301890,404,121057,85285,16961683,545,153539
NYC,158335,2095549,1632,103669,123125,2656046,2249,112224,110568,3103303,1815,120315,107800,4453082,1690,158965,23449,3771347,744,131694,6765,3815552,231,133220,17064,4817408,137,167269,50566,4013185,223,134528,60499,5301290,486,169989,34969,4431315,304,137679,31958,4549579,253,138723,318109,6300413,532,175213,757376,8147775,2614,146865,60387,9089105,1761,156832,31269,11519258,398,199858,58053,9410541,107,160562,106492,9755949,182,161138,115559,12770865,369,202922,116816,10679552,314,163658,87659,11093117,433,165275,70161,14224376,432,208742,55442,11628551,393,169173,68163,11883283,293,172026,121177,15337876,676,217726
OH,187536,3263173,3535,63300,81723,3740455,1569,72445,44663,3954444,617,76002,64315,5221756,616,97725,30595,4359032,443,80379,10121,4426203,262,81707,15720,5584297,172,103052,67057,4644872,541,83805,214964,6589350,2289,112134,124373,5965647,2291,99897,128316,6422573,1770,107490,315592,9115519,3924,148995,565141,9339867,3935,135933,107514,10503466,1559,146228,21316,13317280,797,187484,18632,10719168,568,152817,55251,10872747,217,154019,87651,13988973,193,193277,87138,11525866,203,155611,107744,11952422,324,156643,105535,15469683,448,197810,41730,12633142,333,159826,54384,12818259,391,161070,66762,16302671,374,203255
OK,92495,1394446,935,11950,42250,1642499,875,15900,15400,1730403,586,18865,10195,2219458,1932,31792,4859,1803760,508,27912,3919,1818927,93,29369,20640,2326130,102,37140,57870,2046835,327,30605,76963,2927091,1137,42302,30477,2529468,1761,39848,19858,2616246,169,43508,38578,3421061,666,55051,230235,3284074,498,47292,85906,4011892,949,50367,14429,5134727,897,67680,6828,4143079,323,56447,7369,4170427,206,57397,20149,5279613,51,72239,38342,4352305,87,58020,45972,4534936,88,58431,42123,5887580,142,73736,13055,4802929,154,59541,12278,4850645,76,59968,26522,6159658,84,76412
OR,27803,524538,456,7022,13995,598395,270,8372,8325,637250,174,9274,20533,865396,122,12221,16868,778002,149,10309,7549,818958,120,10895,10356,1061139,89,14045,45475,969970,238,11852,65020,1521916,685,17548,34376,1401851,563,16585,24925,1515517,782,19189,30848,2021369,524,27241,187030,2091899,408,23520,85117,2685800,471,25420,13359,3500593,620,34536,14791,2845652,359,29590,38579,2965007,109,30240,52617,3940989,200,38592,38219,3337076,254,31764,25912,3462132,304,33117,20819,4431389,196,42439,13405,3615386,119,34536,12537,3662384,144,35080,18585,4662891,138,44601
PA,186677,3060442,5317,77063,101752,3589865,2626,92234,77703,3900155,1076,98442,148667,5485007,1276,128287,56844,4783171,973,107444,13244,4886131,456,110018,12183,6152626,220,138978,55025,5067077,297,112093,147161,6874536,1192,143904,125798,6083013,1867,122002,140541,6582970,1900,129732,289361,9314338,3439,175233,611809,9615599,3535,154522,142458,10868194,2918,168688,30874,13853315,1190,219329,32587,11191515,356,177744,95430,11463549,486,179256,93129,14848534,560,227060,81904,12198102,463,183574,84350,12546216,428,185353,86712,16104051,638,234424,50590,13145217,495,189753,45129,13338318,637,192111,66075,16943420,621,243266
PR,16250,345988,298,6800,7079,389748,215,7719,5348,411236,87,8312,25703,591869,193,10975,7543,545086,193,9710,1587,557278,55,10120,5161,708907,33,12804,22110,630849,209,10725,14115,885653,363,15164,3691,735014,79,12826,3137,747267,38,13016,55602,1014737,29,16403,205355,1559914,459,14062,23568,1868602,334,16014,7975,2385791,78,20744,42345,1996092,29,16736,124281,2400720,135,17072,121597,3609901,231,22320,72462,3255210,180,18697,68998,3546647,182,19407,42615,4704116,206,25245,24344,3872645,114,20823,27516,3975497,94,21192,44765,5153455,182,27244
PW,0,0,0,0,0,0,0,0,0,0,0,0,0,0,0,0,0,0,0,0,2,6,0,0,0,10,0,0,2,10,0,0,3,29,0,0,3,37,0,0,0,40,0,0,2,52,0,0,889,1143,0,0,2795,12198,6,11,328,19646,0,30,462,16957,0,24,534,19428,0,24,187,25756,0,30,13,20848,0,24,59,21000,0,24,181,27086,0,30,49,21940,1,26,175,22299,0,28,284,29537,2,41
RI,24876,393070,392,8670,11446,458339,195,9789,9021,495398,102,10267,12734,675581,60,13180,4149,571540,39,10753,844,578583,18,10847,1195,726981,12,13619,6144,598130,21,10955,10811,792979,86,13995,7002,670424,41,11451,8674,698845,38,11585,30644,975048,147,14941,107276,1108374,213,12748,20480,1331146,129,13501,5924,1703392,118,17214,8291,1391221,10,14108,18509,1448564,33,14208,12665,1892508,44,17970,7196,1547655,21,14486,7183,1577340,6,14530,8349,2008899,31,18268,6276,1637059,19,14710,4660,1658005,55,14867,8656,2104534,29,18784
RMI,0,16,0,0,0,16,0,0,0,16,0,0,0,20,0,0,0,16,0,0,0,16,0,0,0,20,0,0,0,16,0,0,0,20,0,0,0,16,0,0,0,16,0,0,0,20,0,0,0,16,0,0,0,16,0,0,0,20,0,0,13,40,0,0,0,68,0,0,1,89,0,0,41,211,0,0,13873,20794,14,24,1373,75822,3,85,70,61430,0,68,126,61648,0,68,43,77714,0,85
SC,123756,1525687,1420,24490,81813,1925347,1730,31652,34888,2128501,656,35385,32708,2823204,414,46485,15194,2348744,218,38456,4009,2378888,105,39028,17190,3013332,102,49248,89861,2652777,463,40435,151981,4016511,2015,57449,40049,3534846,1232,52849,20042,3630519,549,55937,45229,4681950,457,72133,368255,4698398,546,59747,128548,5724901,1458,64648,11136,7326986,973,86639,6140,5886663,180,70849,21488,5942925,138,71511,50644,7625959,128,89912,58759,6326392,156,72418,55855,6569997,56,72895,47054,8470180,120,91574,13619,6868008,213,73963,13658,6922131,128,74677,34708,8765456,128,93894
SD,8890,419503,274,6526,4196,440706,124,7295,4545,458093,60,7631,6045,601025,39,9729,1666,494467,42,7960,403,497350,26,8097,758,624141,15,10198,4641,509617,16,8220,14683,693526,74,10485,9227,601662,96,8777,10516,640708,90,9145,14103,863942,154,12073,44487,817962,148,10235,12636,930039,161,10895,1587,1183409,99,14285,708,949956,28,11597,1891,955629,15,11670,4820,1211765,13,14661,5763,992053,18,11788,5969,1016016,28,11899,5116,1297750,37,15047,2816,1052704,38,12187,3502,1065440,37,12327,4167,1352778,22,15554
TN,133878,2683876,2505,33402,53624,2990843,1945,42997,34767,3142443,492,46404,41452,4116516,386,60010,18065,3410944,234,49137,6398,3450439,131,49807,26211,4376186,195,63001,122385,3828792,579,51987,214213,5783424,1845,71481,50725,5053744,1178,63602,32654,5190572,658,66819,100830,6777023,3817,93938,413942,6629489,1530,86311,176342,7853308,2052,94278,17891,10073823,1158,125393,8099,8097606,626,103927,23812,8162402,231,104987,62693,10435281,250,132713,73699,8635669,324,107272,82267,8944413,366,108669,64942,11584928,439,137845,21507,9396573,310,111866,27161,9496084,224,112777,44882,12045175,264,142235
TX,565586,8277398,8444,132190,314923,10047368,6835,164627,142607,10759256,4515,185825,119493,14027910,2297,246679,61828,11574724,1170,203598,40838,11758091,797,207307,113562,15025891,927,263066,413274,13249943,2891,217894,535499,19128871,9279,306253,165879,16532415,5701,276200,93826,16969979,2707,290686,234504,21908405,1986,373832,1545993,21726799,3232,309397,510374,25830426,5458,329159,140082,33269640,2892,431909,70117,27008172,637,350442,95257,27326818,270,351959,258018,35060802,331,441261,328219,29331573,519,354856,269153,30553067,811,357809,192970,39313888,754,451099,55468,31836863,387,362990,52865,32033434,248,364155,140402,40543951,434,456813
UT,66722,1278786,362,5911,27937,1439038,259,7159,14150,1511442,205,8070,13795,1955580,108,10803,8559,1608679,100,9040,7470,1637811,44,9286,17598,2109779,99,12009,26955,1785058,166,10141,49701,2433283,316,13841,39394,2124190,259,12293,43542,2293266,292,13453,43691,3077718,323,18409,228454,3053893,308,15916,59077,3635921,297,17138,7226,4631181,316,22913,4278,3721780,30,18940,15524,3763606,25,19048,33552,4837668,49,23980,27643,3997273,67,19432,17094,4083444,69,19717,11873,5169483,58,24950,6969,4169358,29,20116,12663,4209482,49,20287,16584,5343233,87,25713
VA,144193,1734021,1245,22867,80209,2174564,1581,28371,39778,2375507,2319,39296,48355,3194117,588,52466,16431,2674721,378,43824,4985,2707040,226,44975,13820,3423639,193,57179,55526,2890412,197,46443,116027,4088791,984,61088,57686,3612601,1103,53623,39354,3780617,798,57309,126697,5087459,934,75324,415266,5424662,512,63216,126564,6391851,2280,69887,35467,8264752,1312,96464,32167,6733035,530,79876,72902,6952254,158,81083,94756,9139485,227,102158,80938,7655787,313,83073,76074,7975178,436,84509,61562,10314071,499,108019,30181,8407922,332,88019,28606,8528405,201,88958,57414,10865129,330,112733
VI,342,8950,1,96,250,10126,1,99,253,11135,0,100,222,15008,2,132,301,13141,0,108,420,14757,3,116,678,20736,6,163,1210,20990,15,172,1014,31665,20,326,451,28134,10,306,318,29467,4,335,1235,39208,3,438,5964,52987,10,371,638,60636,11,423,309,77658,2,548,624,63777,0,444,2992,72393,2,452,1647,102468,5,581,778,85444,2,478,804,88755,2,487,673,114837,1,613,157,93018,1,493,184,93763,0,496,269,118282,3,631
VT,4048,38156,37,676,3383,53162,26,787,3265,65978,20,883,4826,104877,26,1227,1515,94642,10,1042,257,97196,1,1055,366,122627,4,1334,2325,103801,12,1092,5964,151876,46,1516,5797,145974,41,1415,8577,174797,48,1599,14112,278559,63,2258,37504,335800,64,2057,11974,431491,72,2352,4963,570296,34,3193,6092,477380,18,2634,8895,511321,36,2758,4532,670240,27,3604,2091,547076,15,2954,1993,555239,21,3023,2614,705513,21,3888,2520,575018,23,3202,1644,583256,38,3336,1957,737277,25,4318
WA,60901,1143834,251,9281,30875,1309137,461,10731,20837,1398294,577,12689,42444,1907534,989,20439,32500,1685043,588,19483,16351,1773439,238,20786,23114,2300068,248,27112,73986,2057570,198,22593,112274,3075739,275,29426,64284,2798271,172,24407,46613,3012535,523,25793,79829,4027491,1331,37397,397016,4314688,774,34104,166482,5506463,617,36663,43253,7213825,591,48868,39710,5914340,962,42265,73926,6153862,1058,46785,93337,8125206,538,62013,69924,6828520,329,50870,44981,7051263,829,54015,37461,8999472,586,70502,20185,7314064,238,57824,19103,7386195,161,58637,29486,9361853,327,74454
WI,69377,2252743,1109,23443,28657,2422468,630,26918,17044,2500606,331,28665,27395,3238150,272,37027,14607,2675365,232,30778,3721,2703830,312,31999,7991,3401393,202,40986,37435,2826725,133,33373,85002,3844252,456,43336,69765,3415009,502,36671,86009,3706706,551,38831,140525,5218135,1197,52863,382300,5310093,1036,46856,82746,6204229,1001,51439,15930,7896102,1138,69279,22472,6387135,115,57518,57165,6565347,160,58007,60410,8511371,220,73518,48315,7012572,122,59438,49124,7218744,116,59926,42195,9243129,227,75800,28644,7528336,163,61397,26180,7639811,172,62126,39055,9714901,202,78520
WV,33546,428379,632,6934,12622,507223,324,8706,8425,541673,299,9717,13482,735322,98,13211,8483,632113,117,11008,2905,651658,84,11376,2806,825028,67,14566,15412,697074,97,11963,56592,1073805,604,16675,30633,1035617,706,16402,21778,1130249,470,18596,34605,1552421,489,25620,103502,1535183,369,22104,57226,1885686,576,24105,11428,2475640,469,32836,3026,1997015,132,27178,11876,2026956,82,27596,19272,2621774,126,35052,21175,2176630,70,28412,23405,2272191,128,28849,23346,2961862,149,36723,7024,2417581,96,29872,6371,2444062,92,30223,10376,3094286,67,38218
WY,7243,195671,191,2133,2621,212613,74,2603,1897,220969,25,2761,2113,285661,12,3516,1962,236668,12,2854,1815,244514,21,2919,2847,316967,36,3800,7905,275908,59,3223,17437,414760,161,4606,11947,390061,178,4431,8352,430023,173,5235,4978,566476,179,7453,25848,515076,99,6386,13576,608516,93,6724,1417,778755,73,8833,466,625404,21,7216,1312,629043,8,7271,6496,808118,14,9131,5674,671405,22,7384,4182,691495,21,7469,2515,878848,17,9438,1708,711255,14,7617,1990,718470,23,7686,2421,910246,27,9742
