States,Total_vaccinations,Total_distributed,People_vaccinated,People_fully_vaccinated_per_hundred,Total_vaccinations_per_hundred,People_fully_vaccinated,People_vaccinated_per_hundred,Total_boosters_per_hundred,Total_boosters,Share_doses_used,Daily_vaccinations_per_million,Daily_vaccinations,Daily_vaccinations_raw,Distributed_per_hundred
2020,9044666,,,,2.72,,,,,,6539,2170792,57909,
Dec,9044666,,,,2.72,,,,,,6539,2170792,57909,
United States,9044666,,,,2.72,,,,,,6539,2170792,57909,
2021,1.88E+11,2.28E+11,1.03E+11,740736.48,1656489.25,82729169119,908374.33,54030.48,5774224927,16336.916,88631462,1020819840,942633145,2046129.46
Jan,757737933,1363160675,569925372,981.73,6322.33,98916299,5171.12,,,529.519,3821259,46802677,41419251,13078.74
Alabama,3503879,8976725,3036613,9.26,71.44,452731,61.94,,,6.349,47990,235312,245612,183.09
Alaska,1384270,2759925,1117874,33.04,189.24,241622,152.81,,,8.381,112250,82115,66460,377.27
American Samoa,113040,290250,96892,24.28,202.97,13518,173.99,,,6.43,152309,8482,6928,521.18
Arizona,6062374,13584575,5124936,11.57,83.3,841572,70.4,,,7.311,55295,402474,383559,186.62
Arkansas,3294410,6245125,2732801,16.87,109.16,508560,90.55,,,8.669,106480,321332,238915,206.95
Bureau of Prisons,387141,410850,289025,,,77582,,,,16.062,,15818,15679,
California,33789929,78655050,28021908,13.88,85.53,5492167,70.93,,,7.02,55709,2201238,2081579,199.07
Colorado,6339063,10758275,5136649,19.53,110.07,1124167,89.2,,,9.261,56183,323555,262658,186.78
Connecticut,5001838,7739525,4083873,17.8,140.28,633955,114.56,,,10.802,73948,263650,241789,217.07
Delaware,1007957,1968850,825687,16.29,103.5,158396,84.78,,,8.39,63384,61722,62077,202.18
Dept of Defense,5182413,10686175,4533519,,,536443,,,,8.053,,302120,288440,
District of Columbia,973744,1644650,718912,26.6,137.97,187687,101.86,,,10.248,72524,51183,40660,233.04
Federated States of Micronesia,39958,241400,39753,0,38.58,49,38.34,,,2.689,32792,3399,2799,232.96
Florida,21530515,42289725,19125693,10.61,100.23,2278067,89.07,,,7.969,61215,1314750,948791,196.86
Georgia,9129759,20692350,7819705,8.84,85.98,941519,73.64,,,7.177,62598,664627,654584,194.89
Guam,162952,575300,130234,15.06,98.35,24997,78.53,,,4.789,84890,14072,18663,347.03
Hawaii,1250364,2858900,952669,16.1,88.31,227600,67.28,,,6.388,60330,85420,63057,201.93
Idaho,1347619,3117175,1117378,12,75.42,214279,62.52,,,7.176,44039,78699,67696,174.43
Illinois,11047271,22355875,8704482,16.7,87.19,2115403,68.69,,,8.253,45175,572431,576953,176.41
Indian Health Svc,2321847,5881950,1831503,,,350921,,,,6.548,,130253,127465,
Indiana,7144065,13495900,5821494,17.6,106.13,1184320,86.48,,,8.758,62820,422913,340965,200.46
Iowa,2852516,5408375,2365250,13.89,90.41,438845,74.97,,,8.339,44352,139933,116137,171.44
Kansas,2448771,5588150,2026011,12.44,84.06,362249,69.55,,,7.336,43281,126090,122546,191.8
Kentucky,4547107,8145250,4004425,10.33,101.78,460998,89.63,,,9.346,56675,253211,231300,182.31
Long Term Care,39633963,13657350,3210878,,,19329,,,,0.715,,2585673,2371466,
Louisiana,5103586,8725075,4369576,14.7,109.79,683749,93.99,,,9.764,62202,289169,243320,187.7
Maine,1573305,2957075,1238114,20.94,117.06,281362,92.1,,,8.886,52781,70950,72559,219.99
Marshall Islands,40864,217600,39423,1.65,69.94,965,67.49,,,3.003,53003,3096,2854,372.48
Maryland,5349775,12181400,4700968,10.31,88.51,624548,77.76,,,7.263,55389,334865,306331,201.5
Massachusetts,6575752,14117575,5550134,14.34,95.39,987421,80.51,,,7.782,49225,339299,313397,204.83
Michigan,10517322,18420650,8690962,16.63,105.31,1661338,87.03,,,9.42,75574,754752,629935,184.44
Minnesota,5305028,11276475,4283194,17.62,94.08,993373,75.94,,,7.788,50172,282946,303222,199.95
Mississippi,2549637,5642875,2301281,7.74,85.67,230572,77.32,,,7.403,58653,174562,152613,189.6
Missouri,5008534,11176550,3845743,17.06,81.59,1045386,62.64,,,7.459,39073,239815,236793,182.13
Montana,1189986,1981350,952017,20.54,111.34,219376,89.09,,,10.047,49476,52878,55913,185.38
Nebraska,2089544,4102775,1704074,18.67,108.03,361219,88.11,,,8.548,47974,92802,90778,212.11
Nevada,2394475,4838325,1984053,11,77.75,339220,64.43,,,8.117,48398,149084,160259,157.09
New Hampshire,1498038,2790450,1188998,16.32,110.17,222051,87.46,,,9.007,52992,72055,68661,205.22
New Jersey,8257763,15600350,7169028,11.65,93,1035759,80.71,,,8.301,59084,524794,448940,175.64
New Mexico,2937407,4316650,2319958,24.78,140.08,519353,110.65,,,11.239,80772,169365,147067,205.85
New York State,21065311,39535100,17859424,13.89,108.28,2695616,91.81,,,8.82,62579,1217375,1053077,203.27
North Carolina,9733409,20160250,8382873,12.42,92.81,1301858,79.92,,,7.881,67124,704007,642092,192.23
North Dakota,1132835,1446325,883827,29.56,148.63,225315,115.97,,,13.156,64979,49518,48238,189.77
Northern Mariana Islands,126832,317050,81527,69.47,222.96,39516,143.31,,,6.802,119036,6771,4865,557.43
Ohio,10237515,20998725,9152976,9.16,87.59,1070280,78.31,,,8.075,47281,552638,545467,179.63
Oklahoma,4996046,8435425,4202001,17.05,126.26,674763,106.21,,,9.881,64819,256484,241459,213.17
Oregon,4380794,8268800,3761201,14.17,103.87,597157,89.19,,,8.766,66526,280591,232505,196.03
Pennsylvania,11771152,25231625,9611107,15.17,91.96,1944428,75.06,,,7.78,52617,673588,649959,197.09
Puerto Rico,2788902,6644275,2214951,16.71,87.31,533932,69.35,,,7.029,52670,168217,149442,208.01
Republic of Palau,16230,54000,16223,0.06,90.64,6,90.58,,,2.704,179652,3217,791,301.59
Rhode Island,1098499,2258250,874981,20.41,103.71,216283,82.58,,,8.271,45515,48217,45076,213.17
South Carolina,4309071,7669550,3608395,12.76,83.69,656139,70.08,,,9.115,64313,331123,293127,148.96
South Dakota,1278225,1812275,996841,30.62,144.49,271013,112.69,,,11.836,58074,51376,53253,204.84
Tennessee,7105363,13383175,5477334,20.61,104.04,1408229,80.22,,,8.919,45518,310855,309481,195.96
Texas,28422289,48992875,23971424,14.85,98.02,4301585,82.66,,,9.749,48807,1415220,1253671,168.96
United States,380542286,677204475,284420742,14.93,114.64,49584313,85.67,,,8.297,72910,24205764,20832540,203.98
Utah,3368785,5723700,2871952,11.77,105.08,376465,89.58,,,9.786,59051,189314,156281,178.53
Vermont,804326,1449950,605844,22.31,128.87,139250,97.09,,,9.266,66175,41293,33312,232.37
Veterans Health,9933800,19555675,8431690,,,1461384,,,,8.344,,660232,607086,
Virgin Islands,55401,234750,45816,7.03,52.93,7353,43.77,,,3.799,44373,4645,4624,224.25
Virginia,7904408,17608200,6370402,10.75,92.59,918450,74.65,,,7.328,63612,542971,559954,206.3
Washington,7239895,14197650,5950097,14.02,95.08,1069505,78.14,,,8.391,55973,426218,410183,186.44
West Virginia,3134373,4042575,2317166,32.54,174.91,583415,129.32,,,13.013,84550,151531,137994,225.53
Wisconsin,4803339,10374675,4091530,11.5,82.51,670284,70.28,,,7.649,45617,265604,310110,178.2
Wyoming,601066,1188475,519361,13.33,103.85,77092,89.73,,,8.376,60481,35004,35244,205.35
Feb,2987345838,3863567680,2037810536,7410.68,26435.32,768214763,18724.67,,,1207.177,8537512,91793631,89338813,37773.04
Mar,7316576490,9159853060,4613866658,23772.54,66616.62,2486132317,42729.43,,,1500.671,13310808,150735470,153069185,89199.43
Alabama,41576967,62823680,27497900,318.38,847.95,15610861,560.8,,,20.597,160472,786827,786234,1281.26
Alaska,10534628,15095205,6456773,562.34,1440.06,4113816,882.62,,,21.652,202365,148037,142492,2063.46
American Samoa,694047,1168400,431677,476.04,1246.34,265089,775.14,,,16.725,164305,9150,8758,2098.05
Arizona,81615560,99234405,51586471,388.1,1121.29,28249555,708.7,,,25.506,228654,1664296,1659120,1363.34
Arkansas,28224598,41239050,18596306,328.62,935.27,9917154,616.23,,,21.285,181038,546340,533984,1366.53
Bureau of Prisons,2561346,2537125,1556891,,,997114,,,,31.436,,44571,41808,
California,409917920,540066960,275883966,342.41,1037.48,135288675,698.23,,,23.469,230477,9106751,9402368,1366.85
Colorado,62035524,77014340,39601992,398.15,1077.22,22930017,687.69,,,24.916,218161,1256341,1319671,1337.31
Connecticut,42913301,51568365,28640964,410.99,1203.64,14654210,803.34,,,24.126,256335,913907,810848,1446.37
Delaware,10544771,13877115,6711521,378.16,1082.88,3682690,689.26,,,23.456,244101,237699,244164,1425.11
Dept of Defense,44321486,60287480,28453549,,,15082108,,,,21.907,,928620,898148,
District of Columbia,8527914,12600135,4039994,289.24,1208.37,2041115,572.44,,,20.919,239694,169164,179551,1785.32
Federated States of Micronesia,630764,1388100,394261,229.59,608.61,237903,380.39,,,14.218,102343,10607,10277,1339.24
Florida,224459318,301508975,140264299,364.26,1045.09,78231929,653.05,,,23.093,209411,4497666,4518906,1403.81
Georgia,89314599,132453255,55184327,304.33,841.2,32311628,519.75,,,20.909,160301,1701995,1783408,1247.5
Guam,2123235,2660840,1261029,509.16,1280.84,844056,760.73,,,24.856,186652,30941,32327,1605.12
Hawaii,16906891,22456770,10674355,454.37,1194.08,6433100,753.94,,,23.314,226287,320394,322770,1586.05
Idaho,17778433,22348265,11035293,372.55,994.84,6657786,617.51,,,24.662,201825,360672,359994,1250.56
Illinois,135980001,170103055,90268450,367.3,1073.1,46544770,712.36,,,24.711,242880,3077745,3108673,1342.4
Indian Health Svc,23863325,39115735,15409371,400.91,1145.76,8350533,739.83,,,18.888,208922,435149,410398,1878.04
Indiana,67957095,84496980,41652704,394.89,1009.43,26584861,618.71,,,24.977,184661,1243165,1196822,1255.12
Iowa,35418715,42084015,23420229,404.13,1122.6,12750178,742.32,,,25.938,260551,822060,826610,1333.89
Kansas,29051591,41130065,19960201,361.91,997.2,10543319,685.16,,,21.757,232494,677327,681227,1411.8
Kentucky,48484571,59554725,32774429,381.69,1085.23,17052053,733.6,,,25.116,243376,1087324,1080342,1333.04
Long Term Care,233469140,,,,,,,,,,,877197,613963,
Louisiana,46543687,62577600,29355567,370.28,1001.21,17215160,631.45,,,23.111,194685,905055,906650,1346.13
Maine,15963292,19450300,10700690,430.35,1187.57,5785020,796.04,,,25.29,263758,354549,364664,1446.96
Marshall Islands,509793,1071800,346901,276.28,872.71,161385,593.91,,,14.782,168436,9839,9315,1834.96
Maryland,63677695,82294270,42752761,390.06,1053.27,23583734,707.15,,,23.911,236736,1431221,1483489,1361.21
Massachusetts,82952009,96010350,55464492,409.28,1203.5,28211076,804.7,,,26.733,264335,1821938,1875151,1392.99
Michigan,102605547,131382090,66582401,380.26,1027.4,37975030,666.7,,,24.264,206847,2065755,2101378,1315.57
Minnesota,63976973,73892650,42195851,410.75,1134.43,23165018,748.21,,,26.781,240947,1358861,1357943,1310.23
Mississippi,27985423,40199675,18227767,344.9,940.31,10264771,612.46,,,21.639,186246,554292,539254,1350.72
Missouri,59938647,79315565,37931896,334.66,976.6,20539863,618.04,,,23.549,199627,1225206,1245423,1292.33
Montana,12407258,15606895,7942009,431.66,1160.87,4613076,743.11,,,24.713,221764,237018,241475,1460.21
Nebraska,21713575,27053290,13993193,411.15,1122.51,7953154,723.37,,,24.806,238419,461201,466398,1398.52
Nevada,31755172,38981850,20155017,364.75,1030.97,11235018,654.35,,,25.196,215186,662804,662834,1265.62
New Hampshire,14640151,18535605,10427481,371.27,1076.73,5048054,766.88,,,24.406,220849,300290,293382,1363.22
New Jersey,99403301,117624580,68436351,401.45,1119.14,35657406,770.49,,,26.136,253231,2249251,2315369,1324.31
New Mexico,30277934,34043505,19457136,542.82,1443.97,11382557,927.95,,,27.593,268532,563062,552464,1623.56
New York State,206003981,271452415,136980468,352.3,1058.94,68533170,704.14,,,23.452,242287,4713364,5036725,1395.38
North Carolina,110331816,138807490,71205585,376.15,1052.02,39451901,678.93,,,24.641,214813,2252991,2223760,1323.48
North Dakota,9996402,11223560,6136356,463.02,1311.76,3528538,805.23,,,27.632,242631,184900,179177,1472.8
Northern Mariana Islands,716908,1384950,417905,525.46,1260.36,298879,734.71,,,16.121,176065,10015,10203,2434.78
Ohio,121194958,157351095,77842204,380.31,1036.8,44455813,665.93,,,23.848,227426,2658423,2695786,1346.13
Oklahoma,46843795,64233605,29912666,420.12,1183.86,16625037,755.96,,,22.654,220432,872248,834807,1623.32
Oregon,43840821,55447815,28024114,382.6,1039.44,16137120,664.43,,,24.584,202990,856156,859723,1314.65
Pennsylvania,134767032,176893955,91206987,352.56,1052.72,45135214,712.43,,,23.437,251762,3223050,3304918,1381.74
Puerto Rico,24549195,46685350,15752783,283.54,768.66,9055218,493.23,,,16.217,161650,516258,538450,1461.79
Republic of Palau,326625,453200,214577,649.33,1824.01,116276,1198.27,,,22.378,322553,5776,5196,2530.88
Rhode Island,12556681,15007605,8546445,395.61,1185.32,4190817,806.77,,,25.841,282673,299449,302431,1416.65
South Carolina,50560499,64319085,32849224,350.1,982.02,18024626,638.02,,,24.439,203911,1049877,1063912,1249.19
South Dakota,11899425,14782845,7605910,499.43,1345.11,4418317,859.73,,,24.95,251480,222475,218316,1670.97
Tennessee,61710943,87736260,39892521,311.68,903.62,21284833,584.13,,,21.792,189355,1293137,1295927,1284.75
Texas,258035305,349179090,165901241,297.53,889.92,86270874,572.16,,,22.17,199131,5773894,5930352,1204.21
United States,3470863067,4479576330,2266848759,366.9,1045.45,1218064777,682.79,,,23.986,221551,73553858,75037289,1349.31
Utah,31639049,37922740,19001179,264.66,986.91,8484955,592.67,,,25.849,194209,622632,638982,1182.88
Vermont,7543451,9750440,4852709,413.82,1208.92,2582094,777.69,,,23.899,256244,159892,165893,1562.58
Veterans Health,97499842,115323315,60344566,,,38017350,,,,26.19,,1673618,1606338,
Virgin Islands,903930,1455850,580295,281.81,863.51,294984,554.33,,,19.052,193330,20238,21610,1390.78
Virginia,93300808,111203955,60785672,394.99,1093.07,33711739,712.13,,,26.016,223065,1903975,1970797,1302.82
Washington,82815287,103468850,53098199,396.67,1087.57,30205465,697.28,,,24.74,239064,1820444,1857528,1358.74
West Virginia,21657164,26804845,13220018,460.68,1208.45,8255710,737.66,,,25.148,195942,351154,342164,1495.67
Wisconsin,67262201,75619935,42945964,418.18,1155.23,24348684,737.59,,,27.562,246500,1435223,1434840,1298.78
Wyoming,6501108,8915415,3973846,427.65,1123.28,2475084,686.61,,,22.73,186841,108136,106009,1540.44
Apr,12367976934,15593671765,7588873443,43990.42,108613.47,4823602945,66544.56,,,1452.202,15439570,182727689,181099197,142948.06
Alabama,65948293,105132970,42650768,549.45,1344.98,26941384,869.87,,,18.826,174852,857332,862427,2144.14
Alaska,14706803,21502320,8434407,890.58,2010.36,6515106,1152.98,,,20.483,199005,145580,145559,2939.28
American Samoa,1049315,1353940,592790,825.03,1884.23,459460,1064.48,,,23.269,161377,8987,7576,2431.3
Arizona,130022281,165935390,78752807,697.98,1786.34,50805525,1081.95,,,23.56,227253,1654100,1618836,2279.74
Arkansas,45980213,68281510,29011386,605.78,1523.63,18281781,961.32,,,20.215,204495,617128,604000,2262.65
Bureau of Prisons,3875783,4037610,2259091,,,1638416,,,,28.92,,44219,49095,
California,738294745,944896940,483090732,699.55,1868.51,276408681,1222.64,,,23.416,306335,12103863,12000079,2391.4
Colorado,108220698,131571500,68361555,738.19,1879.22,42508508,1187.13,,,24.646,300579,1730939,1751580,2284.71
Connecticut,78898690,97021890,49458885,895.39,2212.99,31923056,1387.25,,,24.375,355484,1267404,1266466,2721.28
Delaware,18540626,23692250,11669682,721.99,1904.03,7030448,1198.4,,,23.472,303213,295256,296027,2433.05
Dept of Defense,73034715,95516040,45879070,,,26474946,,,,22.92,,961765,959872,
District of Columbia,14687633,20110350,8137161,653.79,2081.13,4614136,1152.96,,,21.929,335155,236534,227492,2849.49
Federated States of Micronesia,869214,1895000,533021,327.36,838.67,339306,514.27,,,13.759,85628,8875,9544,1828.45
Florida,378406657,513170090,231133309,680.78,1761.85,146217331,1076.16,,,22.128,259992,5584036,5596593,2389.3
Georgia,149732933,224485375,94378758,518.68,1410.25,55068235,888.9,,,19.316,227013,2410296,2056897,2114.29
Guam,3249265,4074780,2012407,749.07,1960.15,1241717,1213.97,,,23.862,254614,42207,42949,2458.06
Hawaii,28403656,36796660,17403086,822.64,2006.09,11647870,1229.13,,,23.017,359146,508506,519619,2598.87
Idaho,26273584,34591280,15495034,618.37,1470.19,11050486,867.08,,,21.311,186452,333201,316922,1935.66
Illinois,226962784,287504445,146527683,685.97,1791.1,86926718,1156.34,,,22.893,277809,3520338,3426254,2268.85
Indian Health Svc,33734241,48927700,20099523,667.43,1619.66,13901580,965.04,,,20.661,141213,294119,280312,2349.12
Indiana,105696168,138409820,63882869,654.75,1569.99,44077868,948.9,,,22.984,198901,1339041,1357724,2055.91
Iowa,60044658,71114640,36740347,802.35,1903.09,25315606,1164.46,,,25.336,266482,840776,838743,2254
Kansas,51464165,68400470,33421404,737.95,1766.53,21498570,1147.19,,,22.571,255455,744215,724325,2347.87
Kentucky,80916185,99809950,49778686,764.2,1811.18,34140752,1114.17,,,24.349,239129,1068356,1042113,2234.04
Long Term Care,233106186,,,,,,,,,,,81574,70895,
Louisiana,69833462,97650730,40630524,644.9,1502.17,29980375,874,,,20.723,173268,805495,727879,2100.57
Maine,27886050,32336150,17913022,881.42,2074.5,11848509,1332.6,,,24.963,350606,471290,424745,2405.61
Marshall Islands,714342,1446000,408170,523.03,1222.89,305494,698.81,,,15.009,100577,5875,6007,2475.42
Maryland,115755405,144390420,73753145,781.29,1914.67,47235218,1219.94,,,24.027,328349,1985101,1995649,2388.34
Massachusetts,147923265,174014250,95029942,831.25,2146.16,57294192,1378.76,,,25.499,364811,2514459,2563784,2524.68
Michigan,175611001,229997020,109669393,736.56,1758.42,73561681,1098.16,,,22.93,270631,2702758,2698446,2302.99
Minnesota,108348835,122935450,67998770,811.04,1921.19,45739131,1205.75,,,26.45,284759,1605930,1602200,2179.87
Mississippi,42021229,64562800,25337651,598.69,1411.93,17817878,851.35,,,19.539,149832,445929,432701,2169.35
Missouri,100071150,135223320,60021863,651.81,1630.51,40002804,977.98,,,22.182,238365,1462947,1460590,2203.25
Montana,19684961,25782740,11830457,782.06,1841.82,8358362,1106.89,,,22.921,230156,245987,235214,2412.37
Nebraska,36280578,45019630,22338954,779.14,1875.53,15071967,1154.82,,,24.176,257535,498177,472067,2327.32
Nevada,52159116,64192630,31998139,672.63,1693.42,20717779,1038.86,,,24.366,228309,703226,702579,2084.04
New Hampshire,13056616,14042705,9376888,330.34,960.26,4491621,689.61,,,13.909,373054,507246,435160,1032.8
New Jersey,179286807,207143970,116550457,839.65,2018.49,74580511,1312.18,,,25.978,329905,2930282,2921196,2332.14
New Mexico,46808183,54076560,28823333,926.21,2232.33,19421522,1374.61,,,25.982,261163,547609,536168,2578.99
New York State,384613586,464213360,236698372,803.74,1977.09,156361518,1216.73,,,24.814,329966,6418999,6374634,2386.25
North Carolina,178401009,239653060,109768092,690.63,1700.99,72432857,1046.61,,,22.387,220275,2310267,2289705,2285.01
North Dakota,15115673,17136410,8436842,831.17,1983.54,6334175,1107.12,,,26.481,208965,159245,148765,2248.67
Northern Mariana Islands,1033553,1879300,589350,782.7,1817.05,445214,1036.08,,,16.492,204512,11633,11523,3303.9
Ohio,209398214,267441750,126598859,739.14,1791.42,86399082,1083.03,,,23.462,265298,3101076,3070661,2287.94
Oklahoma,71474282,99168940,42567612,739.87,1806.3,29276916,1075.73,,,21.648,199016,787498,751089,2506.2
Oregon,74328488,94761320,46756832,711.38,1762.29,30004099,1108.58,,,23.512,278354,1174028,1192891,2246.78
Pennsylvania,244098739,306520510,158707737,734.54,1906.74,94032182,1239.72,,,23.885,310728,3977949,3994888,2394.29
Puerto Rico,44107459,77802520,28335330,546.8,1381.07,17463115,887.22,,,16.943,241348,770793,797529,2436.17
Republic of Palau,483903,686800,285296,1177.37,2702.3,210830,1593.21,,,21.303,340705,6101,6779,3835.48
Rhode Island,22397527,26585180,13699141,893.12,2114.26,9461354,1293.18,,,25.398,333222,353001,353934,2509.55
South Carolina,82783371,113025260,50841688,646.29,1607.83,33276316,987.43,,,22.014,213549,1099506,1091294,2195.23
South Dakota,18351219,23287780,10975478,893.11,2074.39,7900782,1240.65,,,23.662,234578,207519,202586,2632.39
Tennessee,102166047,145270070,62917644,579.7,1496.02,39588828,921.29,,,21.074,202938,1385896,1354227,2127.23
Texas,471869283,624062750,289281212,628.77,1627.36,182315277,997.67,,,22.69,254660,7384033,7281583,2152.24
United States,5973943153,7657479060,3747634396,715.05,1799.41,2374031843,1128.8,,,23.4,272084,90330815,89886385,2306.5
Utah,53508686,63070780,32466463,540.52,1669.06,17329410,1012.71,,,25.429,249109,798630,788767,1967.3
Vermont,13101140,16109080,8111203,839.28,2099.57,5236917,1299.88,,,23.524,371526,231828,222114,2581.65
Veterans Health,135473424,172058070,76357626,,,62024889,,,,23.669,,1083053,1012335,
Virgin Islands,1596353,1901400,897389,608.76,1525.01,637253,857.26,,,25.127,213621,22362,21323,1816.35
Virginia,162676797,196180160,103267489,750.08,1905.86,64022891,1209.87,,,24.913,307354,2623442,2586737,2298.42
Washington,142756404,176337120,88333629,764.14,1874.71,58186372,1159.99,,,24.271,291088,2216614,2241627,2315.65
West Virginia,31490821,43636550,18167560,757.55,1757.15,13576687,1013.75,,,21.727,169318,303448,298960,2434.9
Wisconsin,115771552,130788250,70347337,816.3,1988.36,47530440,1208.21,,,26.575,299222,1742207,1738926,2246.27
Wyoming,9475760,13568990,5445697,703.11,1637.23,4069168,940.93,,,20.93,167232,96788,93651,2344.49
May,16636616699,20792841450,9500096870,63806.42,141905.28,7327485144,81120.54,,,1467.632,9905589,119253184,110040247,181147.8
Alabama,85481085,130685520,50704916,808.49,1743.37,39643098,1034.15,,,19.615,101894,499604,430291,2665.29
Alaska,17549659,23709990,9622255,1128.29,2398.99,8254117,1315.33,,,22.201,87550,64046,58816,3241.09
American Samoa,1218576,1620900,677061,980.46,2188.19,546021,1215.76,,,22.555,80198,4466,3768,2910.6
Arizona,166734716,220387610,95103589,990.03,2290.71,72062190,1306.58,,,22.7,131749,958979,882055,3027.81
Arkansas,58499800,81231640,33968315,863.26,1938.47,26050935,1125.59,,,21.597,103785,313204,289949,2691.72
Bureau of Prisons,5053748,5313960,2830521,,,2329307,,,,28.533,,35638,31092,
California,1042604608,1317013400,628012084,1126.71,2638.69,445190800,1589.41,,,23.736,215484,8514224,8038011,3333.19
Colorado,152953244,186844220,86970069,1200.46,2656.07,69132998,1510.23,,,24.569,219811,1265848,1158971,3244.57
Connecticut,110171727,126989630,63229246,1415.75,3090.11,50475444,1773.46,,,26.009,243815,869264,804072,3561.81
Delaware,25699764,33377780,14788907,1157.76,2639.21,11274037,1518.74,,,23.115,199110,193890,179547,3427.67
Dept of Defense,98669731,123261930,59067047,,,39890232,,,,23.989,,791275,758583,
District of Columbia,21098482,28683340,11245981,1160.65,2989.51,8191444,1593.48,,,22.034,280729,198124,186223,4064.26
Federated States of Micronesia,1006653,1870000,589886,422.92,971.26,438343,569.17,,,14.054,96552,10007,5495,1804.36
Florida,514738830,673283800,293678347,1041.32,2396.62,223656057,1367.4,,,22.915,177145,3804655,3544010,3134.85
Georgia,210016682,305385890,118914871,861.59,1978.05,91478824,1119.99,,,20.623,125171,1328982,1108374,2876.27
Guam,4375763,5456580,2478054,1165.73,2639.69,1932338,1494.9,,,24.275,194042,32166,28689,3291.78
Hawaii,43128445,49865060,25790155,1281.66,3046.07,18146747,1821.49,,,25.931,277468,392856,359032,3521.89
Idaho,35057720,45893580,19222810,911.51,1961.78,16288947,1075.67,,,22.914,97598,174409,160056,2568.09
Illinois,318463160,396420550,192549268,1074.39,2513.14,136138229,1519.5,,,24.082,184925,2343341,2194002,3128.37
Indian Health Svc,39417611,51136040,22267146,842.69,1892.52,17551076,1069.1,,,23.122,66727,138975,126106,2455.09
Indiana,140638171,179060560,78946699,954.04,2089,64227067,1172.66,,,23.549,153290,1031989,958330,2659.73
Iowa,79396454,92437550,44171412,1195.93,2516.46,37732669,1400.02,,,25.765,161316,508966,463082,2929.78
Kansas,65770277,86132070,39009471,1073.41,2257.6,31271481,1339.01,,,22.899,114441,333413,309229,2956.46
Kentucky,102330203,124723340,58431129,1068.7,2290.47,47746235,1307.89,,,24.603,121129,541162,501916,2791.69
Long Term Care,211187852,,,,,,,,,,,49738,48319,
Louisiana,87410944,113732910,47434836,877.6,1880.32,40796388,1020.35,,,23.049,83100,386326,373547,2446.5
Maine,40361010,48346600,23815752,1437.69,3002.58,19325679,1771.71,,,25.064,246428,331250,297272,3596.66
Marshall Islands,807455,1436400,438417,635.47,1382.33,371191,750.53,,,15.741,68532,4003,3656,2458.96
Maryland,165141453,212200880,96234294,1246.23,2731.58,75344149,1591.78,,,23.365,235492,1423701,1306976,3509.98
Massachusetts,216173465,253935110,128030441,1370.97,3136.34,94493651,1857.53,,,25.528,287014,1978248,1840047,3684.22
Michigan,239797793,314330790,137088195,1134.87,2401.14,113338562,1372.69,,,22.881,171456,1712291,1569040,3147.48
Minnesota,148115669,171482710,86101954,1225.24,2626.35,69101775,1526.74,,,25.928,203635,1148424,1056087,3040.66
Mississippi,50662280,75853060,29065195,771.33,1702.25,22956046,976.6,,,20.03,72207,214894,178316,2548.71
Missouri,131556918,169045100,73575940,951.05,2143.54,58368891,1198.79,,,23.337,125139,768032,686534,2754.33
Montana,24580133,31325400,13787967,1072.16,2299.84,11458945,1290.06,,,23.534,113724,121544,109011,2930.98
Nebraska,47439646,57146280,26547802,1158.84,2452.4,22416769,1372.4,,,24.891,154949,299737,281438,2954.23
Nevada,69060859,81390710,39314126,992.14,2242.13,30558854,1276.34,,,25.439,156262,481306,450514,2642.45
New Hampshire,13627493,17005005,8736460,427.55,1002.24,5813524,642.51,,,8.817,203491,276690,68784,1250.65
New Jersey,248499402,300091630,149185822,1301.48,2797.74,115598961,1679.6,,,24.856,216840,1926024,1781165,3378.56
New Mexico,12987427,14557725,7609228,273.98,619.37,5744729,362.89,,,6.244,69497,145711,100598,694.27
New York State,533960103,630273190,301953281,1251,2744.77,243362694,1552.15,,,25.403,221290,4304883,3968931,3239.88
North Carolina,230401155,321069590,130069198,1005.05,2196.78,105407792,1240.15,,,21.529,122089,1280496,1162845,3061.29
North Dakota,17702418,19985440,9289431,1047.52,2322.95,7982771,1218.99,,,26.57,73863,56288,52094,2622.56
Northern Mariana Islands,1336062,2141640,723186,1084.99,2348.85,617158,1271.37,,,18.726,156149,8882,8495,3765.12
Ohio,276565080,339588970,150929021,1110.18,2366.01,129771501,1291.18,,,24.424,143375,1675907,1521974,2905.21
Oklahoma,85087069,115587500,47552256,961.93,2150.28,38062935,1201.79,,,22.079,75993,300705,273222,2921.08
Oregon,107680446,137796260,63372527,1145.76,2553.06,48325166,1502.53,,,23.476,250272,1055593,1008208,3267.06
Pennsylvania,343778335,420698170,208661655,1154.89,2685.34,147850115,1629.9,,,24.498,211498,2707595,2519913,3286.21
Puerto Rico,69413369,108232050,42778885,924.17,2173.44,29515003,1339.48,,,19.199,263049,840096,815079,3388.93
Republic of Palau,646832,738000,389292,1683.78,3612.19,301510,2173.95,,,26.288,237951,4261,4065,4121.4
Rhode Island,31454149,40251800,18039193,1351.87,2969.17,14321167,1702.81,,,23.457,251128,266035,246336,3799.62
South Carolina,106149035,145055930,59830598,934.03,2061.64,48089622,1162.08,,,21.945,113663,585218,524659,2817.35
South Dakota,22348694,27605440,12312806,1214.67,2526.23,10745775,1391.82,,,24.284,100369,88793,76787,3120.48
Tennessee,134921975,173797400,75546486,868.39,1975.65,59303461,1106.21,,,23.271,132069,901920,833929,2544.89
Texas,631613046,850327320,357346576,953.61,2178.28,276511751,1232.39,,,22.28,152586,4424402,4056464,2932.57
United States,8118436034,10254142040,4707015796,1091.63,2445.35,3624185315,1417.79,,,23.741,178355,59212631,54769173,3088.64
Utah,71550116,86349720,40827934,861.67,2231.78,27624348,1273.52,,,24.865,152888,490156,446424,2693.39
Vermont,17982482,21453820,10701292,1240.11,2881.85,7738244,1714.97,,,22.621,346805,216402,189481,3438.19
Veterans Health,153643725,187156290,82072063,,,75434797,,,,24.628,,377569,334256,
Virgin Islands,2016998,2082250,1073953,835.6,1926.79,874709,1025.95,,,29.055,96339,10085,8820,1989.2
Virginia,227398033,272368450,131359295,1191.95,2664.14,101740151,1538.99,,,25.034,214847,1833829,1691780,3190.99
Washington,202928577,246628660,118086538,1186.95,2664.88,90386838,1550.73,,,24.657,246698,1878582,1787594,3238.75
West Virginia,37416569,52131750,20429577,976.98,2087.81,17508460,1139.96,,,21.533,87880,157496,140672,2908.91
Wisconsin,153370823,169878540,84347500,1223.86,2634.16,71258238,1448.64,,,27.072,156781,912840,828485,2917.65
Wyoming,11330666,14835980,6152863,903.48,1957.75,5228873,1063.14,,,22.908,77957,45118,39558,2563.42
Jun,19067491000,22731499200,10530349380,77466.7,165038.75,8782207254,91508.29,,,1559.263,5325055,63361377,60744407,200720.84
Alabama,95297678,141135040,55559922,925.51,1943.61,45379467,1133.11,,,20.25,64683,317154,328331,2878.43
Alaska,19014366,24651740,10417867,1234.05,2599.18,9027505,1424.12,,,23.138,59007,43167,45980,3369.82
American Samoa,1334286,1620900,737838,1085.47,2395.95,604481,1324.86,,,24.692,66567,3707,3592,2910.6
Arizona,187279133,239043410,104935050,1145.36,2573,83367639,1441.65,,,23.498,74847,544795,519969,3284.2
Arkansas,64729945,84210160,36896045,981.16,2144.95,29608680,1222.63,,,23.058,52433,158230,148607,2790.46
Bureau of Prisons,5683011,5935590,3104434,,,2775195,,,,28.723,,13682,11561,
California,1220198169,1450828780,702130033,1403.31,3088.16,554479353,1776.97,,,25.227,111318,4398364,4171355,3671.83
Colorado,177656465,207463100,97226036,1462.59,3084.98,84227837,1688.33,,,25.685,103843,597998,565907,3602.59
Connecticut,127085572,139524870,69855587,1720.87,3564.54,61354407,1959.32,,,27.322,108904,388276,360785,3913.45
Delaware,29712491,37765110,16527945,1397.33,3051.32,13606620,1697.33,,,23.601,105347,102582,95495,3878.26
Dept of Defense,113052695,134794320,66036118,,,48134375,,,,24.513,,498585,534015,
District of Columbia,24788398,31528510,12529378,1479.43,3512.35,10441026,1775.33,,,23.585,110360,77886,72902,4467.42
Federated States of Micronesia,1372155,2274200,807573,642.84,1323.92,666292,779.21,,,17.494,68149,7063,6954,2194.31
Florida,598741760,730632560,332282811,1275.26,2787.73,273902523,1547.12,,,24.576,107852,2316369,2241753,3401.83
Georgia,240427273,329267460,132532557,1029.03,2264.46,109257369,1248.28,,,21.903,81563,865990,812148,3101.22
Guam,5248569,6447900,2888310,1473.1,3166.22,2441924,1742.41,,,24.416,172891,28660,26538,3889.62
Hawaii,49178602,57245010,29075044,1495.02,3473.36,21167682,2053.51,,,25.772,70945,100448,85975,4043.08
Idaho,38477948,49322560,20727657,1034.21,2153.16,18482370,1159.86,,,23.402,48832,87259,83798,2759.98
Illinois,369845292,433551470,218018927,1291.2,2918.63,163620751,1720.51,,,25.585,104935,1329735,1269804,3421.36
Indian Health Svc,42291788,52385520,23616192,920.1,2030.54,19163624,1133.87,,,24.221,36186,75371,71528,2515.14
Indiana,161039930,197410840,87395702,1136.52,2392.11,76512918,1298.18,,,24.466,74628,502412,470249,2932.32
Iowa,88472604,102059480,47730295,1381.59,2804.12,43590813,1512.79,,,26.006,63980,201859,184242,3234.78
Kansas,72223820,91098560,41992480,1205.59,2479.08,35122352,1441.41,,,23.779,55963,163032,155328,3126.97
Kentucky,114825281,131881210,64461967,1228.91,2570.13,54904448,1442.85,,,26.114,78748,351830,339660,2951.9
Long Term Care,236060416,,,,,,,,,,,45476,42308,
Louisiana,96619530,119626860,51633555,989.94,2078.38,46019698,1110.69,,,24.227,56189,261226,248153,2573.25
Maine,46677538,54754270,26252544,1750.46,3472.5,23529718,1953.03,,,25.573,97818,131485,123663,4073.31
Marshall Islands,944546,1539000,516402,756.74,1617.07,442042,884.05,,,18.411,47576,2779,2820,2634.6
Maryland,195723568,248533010,108308558,1566.44,3237.41,94701759,1791.53,,,23.622,125150,756604,713320,4110.92
Massachusetts,255135938,287282970,142105777,1746.23,3701.66,120359330,2061.75,,,26.639,127493,878764,769543,4168.06
Michigan,272677167,343661180,150535876,1343.13,2730.37,134136338,1507.33,,,23.799,76386,762838,710028,3441.14
Minnesota,169571598,193233490,94424474,1469.59,3006.76,82880447,1674.31,,,26.325,81834,461503,441089,3426.36
Mississippi,55245838,78890230,31376938,853.6,1856.3,25405018,1054.27,,,21.008,43331,128964,139980,2650.77
Missouri,146893226,180753300,80225622,1102.01,2393.38,67634433,1307.16,,,24.373,69785,428286,427178,2945.07
Montana,27171040,32957170,14949345,1218.86,2542.26,13026695,1398.71,,,24.728,65230,69714,71607,3083.66
Nebraska,53276208,61613190,28979831,1342.73,2754.1,25973632,1498.13,,,25.937,88254,170716,160622,3185.14
Nevada,79148664,89859860,43960248,1182.24,2569.63,36415552,1427.18,,,26.419,85791,264252,261812,2917.36
New Hampshire,44148503,53676830,24958109,1597.46,3246.88,21720754,1835.54,,,24.67,98157,133469,115862,3947.68
New Jersey,151425677,180260240,87703447,827.83,1704.83,73529450,987.39,,,13.437,86834,771303,491520,2029.47
New Mexico,56381824,58374325,31562869,1285.38,2688.92,26952606,1505.26,,,24.143,208457,437100,476809,2783.94
New York State,623813104,702480550,338965805,1518.29,3206.68,295362493,1742.46,,,26.635,116377,2263926,2083119,3611.09
North Carolina,244798678,334519730,135296317,1100.84,2334.1,115459607,1290,,,21.219,57926,607540,1056700,3189.53
North Dakota,18869751,21130090,9849724,1132.36,2476.15,8629142,1292.53,,,26.79,39072,29777,27338,2772.72
Northern Mariana Islands,1560970,2169900,835150,1295.04,2744.21,736636,1468.21,,,21.583,123378,7018,7032,3814.8
Ohio,309808095,366537040,165592517,1277.59,2650.42,149337732,1416.67,,,25.353,70350,822348,765371,3135.75
Oklahoma,93242740,119307570,51268658,1078.79,2356.4,42686853,1295.67,,,23.44,77408,306309,306361,3015.11
Oregon,129921833,166293330,72074760,1490.07,3080.35,62847364,1708.84,,,23.435,119288,503137,434277,3942.74
Pennsylvania,400039535,461847900,234014860,1412.09,3124.79,180772729,1827.96,,,25.978,107879,1381075,1259767,3607.63
Puerto Rico,88603394,120468380,52267137,1245.13,2774.33,39765411,1636.58,,,22.054,163775,523043,517435,3772.07
Republic of Palau,735995,738000,417271,2111.61,4110.1,378139,2330.19,,,29.922,71370,1278,898,4121.4
Rhode Island,36720776,44781100,20014507,1666.68,3466.34,17656038,1889.31,,,24.597,113911,120673,112463,4227.16
South Carolina,119344811,156020650,65651794,1086.04,2317.93,55916250,1275.11,,,22.944,80241,413135,409303,3030.25
South Dakota,23157829,27500505,12681480,1274.87,2617.7,11278259,1433.49,,,24.415,48764,43140,40523,3108.6
Tennessee,151898736,192442320,82834136,1008.15,2224.27,68850225,1212.92,,,23.753,62728,428375,414404,2817.95
Texas,732799588,936537070,403635009,1153.6,2527.26,334493329,1392.04,,,23.467,95203,2760557,2643956,3229.89
United States,9355875771,11267061210,5242726571,1316.12,2818.07,4369447670,1579.15,,,24.907,94364,31328536,30117286,3393.76
Utah,81463650,95300610,45110540,1048.2,2541,33604730,1407.08,,,25.638,80287,257400,258462,2972.62
Vermont,24600986,27290040,13557976,1853.4,3942.53,11564939,2172.77,,,27.038,142360,88832,74291,4373.53
Veterans Health,159368691,187273200,84273677,,,79762273,,,,25.532,,110456,97932,
Virgin Islands,2246275,2302680,1187009,953.93,2145.83,998617,1133.96,,,29.261,65573,6864,6839,2199.73
Virginia,265098154,304272310,146948814,1462,3105.84,124789707,1721.6,,,26.13,108323,924616,851354,3564.75
Washington,244294848,275785960,135177528,1528.52,3208.1,116394538,1775.16,,,26.566,130400,992976,909705,3621.66
West Virginia,41014042,56102010,22667950,1070.18,2288.54,19178861,1264.85,,,21.931,56406,101088,100197,3130.43
Wisconsin,170856436,180903380,91681786,1407.92,2934.45,81974630,1574.64,,,28.329,74613,434420,420491,3106.99
Wyoming,12277800,15339440,6639041,994.19,2121.41,5753959,1147.12,,,24.009,44793,25925,26113,2650.38
Jul,20501806313,23620453835,11218626512,83306.35,173864.4,9705034592,95084.21,,,1586.477,3559009,40739644,37161101,202966.21
Alabama,103831573,147900380,60654216,1007.03,2117.64,49376652,1237.06,,,21.058,45477,222986,226244,3016.4
Alaska,17797049,21902570,9613627,1161.54,2432.78,8497196,1314.14,,,21.126,59782,43735,30727,2994.03
American Samoa,1478095,1638900,821480,1211.22,2654.17,674508,1475.13,,,27.05,96089,5351,5864,2942.97
Arizona,208045786,249201640,112933067,1329.41,2858.26,96765035,1551.55,,,25.046,83999,611400,591099,3423.67
Arkansas,69788924,87184630,39799923,1058.47,2312.57,31942724,1318.85,,,24.014,65312,197092,208646,2889.04
Bureau of Prisons,5931690,6195000,3213339,,,2947569,,,,28.723,,5912,6265,
California,1319259319,1498656040,748142330,1544.79,3338.86,610381082,1893.44,,,26.408,66039,2609295,2395524,3792.92
Colorado,190218756,213928970,102112817,1598.98,3303.13,92080865,1773.2,,,26.673,51730,297896,276160,3714.84
Connecticut,135093447,144438640,73167226,1863.53,3789.14,66439485,2052.24,,,28.059,55403,197517,178763,4051.22
Delaware,31980847,39146640,17356385,1546.12,3284.26,15055397,1782.42,,,24.508,57632,56122,48725,4020.13
Dept of Defense,69701795,70354360,39748180,,,30529767,,,,15.85,,320390,230872,
District of Columbia,24779757,30145610,12383563,1504.03,3511.14,10614876,1754.66,,,23.019,57210,40377,34667,4271.42
Federated States of Micronesia,1604131,2364000,961216,799.09,1547.76,828210,927.43,,,20.361,53299,5524,4509,2280.9
Florida,653629331,762937700,357510791,1424.56,3043.28,305970797,1664.57,,,25.699,71007,1525054,1455220,3552.22
Georgia,251101825,330647005,137362656,1090.28,2365,115763411,1293.75,,,22.02,53414,567076,395663,3114.21
Guam,5298814,5825790,2842575,1543.66,3196.51,2558892,1714.75,,,24.558,87805,14555,13626,3514.32
Hawaii,44216592,51081850,25992792,1372.77,3122.93,19436213,1835.79,,,22.504,28079,39757,39668,3607.8
Idaho,39144735,49670520,20894345,1067.25,2190.46,19072548,1169.19,,,22.856,29348,52446,46594,2779.42
Illinois,399541448,448634970,231328867,1424.7,3152.99,180534842,1825.55,,,26.719,56751,719095,638371,3540.41
Indian Health Svc,44040433,53121520,24434778,967.89,2114.48,20159413,1173.18,,,24.873,23548,49044,51739,2550.47
Indiana,177799506,204955660,93122414,1296.42,2641.05,87276811,1383.2,,,26.024,72618,488889,477169,3044.42
Iowa,92675198,105558590,49461065,1467.24,2937.34,46292397,1567.66,,,26.34,33952,107123,101962,3345.68
Kansas,77116106,94325910,44337267,1299.1,2647,37846395,1521.9,,,24.519,74262,216345,215523,3237.72
Kentucky,118712291,132266745,65616609,1294.46,2657.13,57832018,1468.72,,,26.027,45533,203432,190457,2960.52
Long Term Care,118461592,,,,,,,,,,,12870,12564,
Louisiana,104740134,124727020,55686628,1081.16,2253.09,50260345,1197.86,,,25.192,60037,279105,294061,2683
Maine,49265699,56489180,27181713,1880.49,3665.03,25277590,2022.14,,,26.169,45044,60549,61172,4202.41
Marshall Islands,1043195,1539000,574778,854.52,1785.88,499145,983.94,,,20.338,55210,3225,2977,2634.6
Maryland,211590857,258558460,114829099,1728.22,3499.88,104482497,1899.36,,,24.553,61308,370646,328661,4276.72
Massachusetts,270070603,296020160,147938451,1888.13,3918.34,130139477,2146.38,,,27.37,47222,325473,292280,4294.82
Michigan,288644948,353408090,156583804,1442.37,2890.24,144049264,1567.91,,,24.504,40461,404076,373652,3538.71
Minnesota,179463361,198501020,97930478,1588.58,3182.19,89590273,1736.47,,,27.12,42549,239968,209508,3519.73
Mississippi,61578253,81708970,33688188,995.26,2069.06,29620735,1131.92,,,22.607,78772,234445,240518,2745.48
Missouri,158315989,188771220,85886587,1204.57,2579.5,73930127,1399.4,,,25.16,57494,352868,368118,3075.76
Montana,28708699,33702480,15558952,1310.85,2686.14,14009860,1455.77,,,25.554,35063,37476,32765,3153.39
Nebraska,55109442,61633020,29530761,1409.94,2848.93,27273816,1526.6,,,25.931,40577,78495,61784,3186.17
Nevada,86174137,95371700,47705414,1297.69,2797.71,39970969,1548.78,,,27.109,65508,201770,179035,3096.33
New Hampshire,47031255,56065830,25988628,1723.98,3458.91,23441066,1911.32,,,25.165,56426,76725,75361,4123.35
New Jersey,303445917,354021490,171554676,1705.78,3416.33,151510439,1931.42,,,25.715,62677,556718,523587,3985.71
New Mexico,70623496,69722285,39007060,1623.81,3368.12,34048947,1860.29,,,29.371,63601,133360,101916,3325.13
New York State,672201822,734475460,359166213,1672.79,3455.43,325415731,1846.29,,,27.458,61821,1202652,1122843,3775.52
North Carolina,284872210,356674750,156755952,1286.11,2716.14,134887008,1494.61,,,23.964,92306,968134,445285,3400.74
North Dakota,17619152,19615420,9178295,1067.35,2312.01,8133966,1204.41,,,24.252,26660,20315,20597,2573.98
Northern Mariana Islands,1755533,2223900,927409,1482.64,3086.25,843363,1630.39,,,23.685,102878,5852,5107,3909.72
Ohio,326781150,377729800,171806260,1371.79,2795.64,160346534,1469.78,,,25.952,34854,407395,388358,3231.5
Oklahoma,100705055,122343790,54781559,1181.56,2545,46754420,1384.45,,,24.693,46835,185330,188146,3091.81
Oregon,139926066,171215790,75577345,1650.27,3317.56,69604028,1791.87,,,24.517,54576,230183,219565,4059.44
Pennsylvania,427126165,478486450,246325168,1532.72,3336.42,196218124,1924.12,,,26.779,52937,677738,625974,3737.61
Puerto Rico,116022200,127108000,64262855,1742.29,3632.85,55643295,2012.17,,,27.379,250281,799319,736508,3979.99
Republic of Palau,689555,700650,392610,2008.72,3850.75,359708,2192.47,,,26.689,54225,971,992,3912.75
Rhode Island,39118021,46077990,20927263,1809.03,3692.62,19163990,1975.47,,,25.468,52877,56016,51015,4349.59
South Carolina,128967208,162169880,70123209,1192.46,2504.86,61395268,1361.96,,,23.859,45254,233007,212099,3149.75
South Dakota,25038649,29270820,13675516,1386.64,2830.33,12267129,1545.85,,,25.661,35694,31576,31810,3308.74
Tennessee,167533300,194687740,88786817,1144.68,2453.2,78172712,1300.12,,,25.816,70474,481261,473401,2850.81
Texas,796139161,974416730,432541073,1278.67,2745.72,370770573,1491.75,,,24.511,59671,1730177,1682898,3360.5
United States,10107751341,11695171710,5573501230,1451.1,3044.54,4817686587,1678.75,,,25.926,60763,20173557,18508846,3522.65
Utah,87697066,98752640,48458318,1247.87,2735.44,40006414,1511.5,,,26.642,50928,163272,157720,3080.27
Vermont,3415760,3690580,1848888,263.33,547.41,1643180,296.31,,,3.702,14858,9267,3803,591.44
Veterans Health,161773467,187370400,85585795,,,81383498,,,,25.905,,70997,76562,
Virgin Islands,2428467,2473510,1284383,1041.56,2319.93,1090315,1226.95,,,29.487,58356,6109,6799,2362.93
Virginia,284061202,317183330,154578410,1600.14,3327.98,136580179,1811.02,,,26.87,54528,465440,429014,3716.01
Washington,255703887,277193175,138515333,1633.78,3357.96,124408772,1819.02,,,26.75,62382,475025,405855,3640.16
West Virginia,44117188,57825720,24411150,1156.67,2461.71,20729296,1362.14,,,22.887,43963,78787,69952,3226.62
Wisconsin,181499928,187193310,95414944,1527.56,3117.25,88942173,1638.75,,,29.089,47684,277635,250539,3215.06
Wyoming,11807735,14078725,6343772,968.73,2040.17,5606676,1096.12,,,22.644,43966,25447,25397,2432.58
Aug,22517914657,26105105880,12332241620,91803.63,192981.87,10509697761,106228.68,493.04,56309054,1657.55,4136323,48728887,49076560,227179.05
Alabama,118849569,173991440,70886635,1111.01,2423.92,54475382,1445.73,,,21.194,103476,507351,549072,3548.54
Alaska,22074892,27553925,11974383,1435.83,3017.55,10503852,1636.88,11.42,83503,24.841,43203,31606,32967,3766.54
American Samoa,1674899,1784730,925826,1379.18,3007.6,768040,1662.49,,,29.096,74702,4160,3609,3204.75
Arizona,227354879,277001790,124067595,1441.44,3123.59,104919192,1704.52,15.28,1111132,25.45,63858,464810,473591,3805.65
Arkansas,81543376,104909200,47308235,1204.47,2702.08,36348164,1567.63,4.76,143742,24.138,117499,354583,352975,3476.33
Bureau of Prisons,6021835,6377300,3286127,,,2993367,,,1611,27.381,,15684,11216,
California,1444288349,1637392795,820382009,1684.56,3655.29,665613565,2076.27,5.9,2333475,27.35,72313,2857244,2872674,4144.01
Colorado,205912539,231864825,110550797,1724.34,3575.66,99301871,1919.73,12,690425,27.54,59370,341894,350219,4026.28
Connecticut,145805837,158560435,79359950,2001.71,4089.6,71365976,2225.89,5.72,203807,28.511,63164,225191,230501,4447.35
Delaware,34726248,43144415,18860117,1672.01,3566.21,16281301,1936.84,19.19,186918,24.961,62824,61176,61907,4430.67
Dept of Defense,144127978,136511340,82263582,,,63137262,,,976684,32.729,,423950,456772,
District of Columbia,27741462,33513870,13937075,1684.43,3930.8,11887835,1974.79,70.69,498886,24.835,63420,44758,44295,4748.68
Federated States of Micronesia,1874184,2475200,1157903,950.09,1808.3,984689,1117.24,2.53,2627,23.465,89188,9244,10047,2388.25
Florida,734941685,876379055,407038192,1570.5,3421.87,337308002,1895.15,21.88,4698834,26.016,105746,2271210,2348839,4080.37
Georgia,279768785,372693720,155042312,1195.39,2635.01,126919435,1460.27,9.29,987341,22.528,79043,839248,672750,3510.22
Guam,6425106,6688870,3447067,1887.01,3875.96,3128025,2079.47,4.98,8242,29.779,72765,12062,12814,4034.96
Hawaii,54178634,63235600,31948223,1684.51,3826.54,23850597,2256.45,,,26.563,42354,59967,63178,4466.2
Idaho,43818858,57604880,23624974,1184.25,2452,21163194,1322.01,8.47,151249,23.614,46734,83516,85779,3223.45
Illinois,350522493,397024295,202521931,1238.82,2766.15,156983544,1598.22,,,22.075,71094,900875,742543,3133.07
Indian Health Svc,47472422,57837305,26433204,1040.35,2279.27,21668839,1269.11,2.47,51392,25.457,35861,74695,73307,2776.91
Indiana,193476084,227162890,101705699,1401.24,2873.87,94335514,1510.72,12.12,816290,26.412,50458,339696,346554,3374.27
Iowa,99809195,115207365,53659477,1567.5,3163.46,49455400,1700.77,5.54,174640,26.86,50066,157963,164410,3651.48
Kansas,86985105,105786545,50106001,1444.96,2985.78,42095781,1719.9,,,25.498,70744,206114,209866,3631.11
Kentucky,135455595,152870895,75677098,1455.25,3031.92,65016592,1693.87,2.58,114889,27.476,77510,346300,359706,3421.73
Long Term Care,245448640,,,,,,,,,,,29036,30231,
Louisiana,121749261,151221740,67038228,1205.09,2618.95,56022694,1442.05,12.16,565176,25.002,120946,562273,548521,3252.93
Maine,52781644,61131520,29126030,2006.2,3926.61,26967185,2166.75,2.37,31884,26.768,53857,72396,76630,4547.74
Marshall Islands,1082580,1487700,599935,889.99,1853.36,519824,1027.05,0.65,385,21.105,38175,2230,1810,2546.78
Maryland,229416763,280220680,124722185,1863.63,3794.75,112670258,2062.96,3.12,189071,25.379,63357,383014,383950,4635.06
Massachusetts,288385912,316772970,158219481,2011.89,4184.05,138669239,2295.54,4.01,276203,28.223,47533,327623,328832,4595.92
Michigan,309622928,384949890,167932910,1538.72,3100.29,153669356,1681.54,,,24.941,37947,378985,388229,3854.58
Minnesota,193088542,216424060,105730936,1697.25,3423.8,95719082,1874.79,2.4,134936,27.67,52028,293423,296147,3837.57
Mississippi,71596348,98207445,40129997,1118.07,2405.65,33275506,1348.39,2.52,75100,22.634,104642,311430,297503,3299.83
Missouri,177245782,214918655,96983040,1338.78,2887.96,82167356,1580.22,11.89,729441,25.575,80264,492622,462453,3501.8
Montana,30883255,36627185,16845375,1398.11,2889.54,14942237,1576.13,6.87,73465,26.154,45857,49009,48575,3427
Nebraska,62052282,69922730,33477063,1569.45,3207.83,30359355,1730.59,5.75,111179,27.516,61397,118765,124540,3614.67
Nevada,95696996,108476500,53486588,1426.88,3106.89,43949706,1736.51,14.36,442425,27.362,77566,238919,241330,3521.8
New Hampshire,45844073,55062840,25125006,1651.96,3371.61,22461895,1847.84,10.07,136910,23.311,69055,93893,85111,4049.61
New Jersey,331177726,388826615,187382286,1855.05,3728.57,164768686,2109.65,,,26.409,70845,629252,624624,4377.62
New Mexico,79340812,79157415,43989038,1812.65,3783.87,38007920,2097.88,2.66,55687,31.087,73488,154099,155036,3775.09
New York State,733255145,809744275,393958010,1814.62,3769.24,353009085,2025.11,14.85,2891191,28.079,71994,1400568,1419956,4162.49
North Carolina,312325815,392771530,173840113,1392.24,2977.9,146018587,1657.49,7.02,736107,24.653,69019,723840,744654,3744.94
North Dakota,21062271,24121260,11069613,1265.46,2763.83,9643587,1452.59,26.35,200735,27.099,44296,33758,34194,3165.28
Northern Mariana Islands,1991752,2424480,1050133,1690.41,3501.54,961519,1846.12,1.03,584,25.465,99172,5641,5715,4262.22
Ohio,351946618,414743495,185647874,1469.36,3010.91,171755152,1588.2,13.01,1521601,26.317,46363,541926,544517,3548.15
Oklahoma,112593947,137074810,62209789,1295.01,2845.44,51243117,1572.14,12.1,478651,25.473,90801,359294,369046,3464.12
Oregon,150293361,184780585,81417890,1765.11,3563.38,74447912,1930.36,2.85,119866,25.217,52111,219789,229206,4381.06
Pennsylvania,464597122,527083995,268003425,1665.44,3629.11,213209435,2093.48,3.39,434701,27.333,65149,834058,855088,4117.2
Puerto Rico,126925423,133556240,70440482,1902.33,3974.28,60755266,2205.6,,,29.458,76500,244318,263187,4181.9
Republic of Palau,851346,892830,492585,2429.32,4754.27,435015,2750.8,,,29.557,142514,2552,2721,4985.85
Rhode Island,42171899,49485245,22832628,1953.47,3980.88,20694419,2155.33,0.37,3908,26.419,59279,62798,63961,4671.25
South Carolina,142591080,182855975,78615700,1296.48,2769.44,66751789,1526.9,8.46,435828,24.184,74232,382205,401815,3551.49
South Dakota,27133103,31990245,14955383,1487.59,3067.09,13160021,1690.53,,,26.302,55651,49231,48326,3616.1
Tennessee,186584201,223936980,99876355,1248.83,2732.14,85285212,1462.48,19.19,1310672,25.857,77815,531427,566292,3279.14
Texas,891804945,1106453885,490880275,1409.77,3075.64,408777868,1692.93,17.12,4964446,25.001,93619,2714535,2744688,3815.87
United States,11087736525,12989319085,6150966050,1577.63,3339.7,5237675313,1852.73,7.59,25171058,26.469,72873,24193251,24571561,3912.5
Utah,87367278,99184570,48746431,1292.99,2725.15,41453100,1520.5,6.65,213150,24.676,74221,237956,223215,3093.74
Vermont,17311112,19420200,9421337,1347.37,2774.28,8407359,1509.86,12.62,78787,17.827,24305,15163,17415,3112.27
Veterans Health,169876354,194070340,90349521,,,85464060,,,62920,27.133,,103406,102394,
Virgin Islands,2792206,3026420,1508392,1179.34,2667.39,1234560,1440.95,13.12,13737,28.596,102686,10749,10329,2891.09
Virginia,298596865,337263940,162842373,1673.42,3498.28,142834086,1907.82,8.3,707628,26.566,63975,546062,541297,3951.3
Washington,201555047,218747870,109344001,1286.87,2646.86,97992503,1435.91,,,20.272,51870,394979,330970,2872.64
West Virginia,46467846,67272035,25855396,1219.37,2592.86,21853175,1442.71,0.39,6967,21.55,14255,25546,26379,3753.73
Wisconsin,195537651,206744215,103186624,1635.52,3358.35,95228181,1772.26,14.39,837699,29.33,50911,296421,305713,3550.82
Wyoming,14282192,17160745,7778730,1163.11,2467.75,6731722,1344.04,10.59,61269,25.812,50363,29148,30808,2965.08
Sep,20512671412,24474961640,11127410580,84085.01,177435.52,9536649777,96869.1,3469.78,399943021,1394.043,4055734,46541955,40436466,215281.87
Alabama,117718522,174898370,68226650,1100.61,2400.83,53964853,1391.47,,,18.173,88539,434120,352222,3567.03
Alaska,21345559,28331380,11485774,1368.31,2917.86,10009970,1570.07,96.57,706410,21.101,78200,57207,51615,3872.8
American Samoa,1590355,1679080,879848,1304.36,2855.74,726405,1579.95,,,25.585,105822,5893,5228,3015.06
Arizona,224383979,270693190,118781762,1399.04,3082.76,101831753,1631.9,157.25,11445260,23.21,89190,649189,601074,3718.96
Arkansas,81991483,109375420,46272245,1233.75,2716.92,37232734,1533.32,37.65,1135589,20.992,75835,228850,203133,3624.31
Bureau of Prisons,6243610,6576040,3357914,,,3184656,,,14305,26.593,,11320,11252,
California,1384335715,1600455100,779710543,1612.7,3503.57,637215191,1973.35,45.57,18009991,24.22,67898,2682790,2393971,4050.55
Colorado,196374542,224532500,104218883,1632.32,3410,94001252,1809.74,93.35,5375025,24.485,61709,355376,328423,3899.01
Connecticut,138193377,153967120,74897932,1890.31,3876.1,67394167,2100.74,43.14,1538048,25.131,60011,213949,201991,4318.53
Delaware,32995032,42548670,17799361,1584.69,3388.39,15431140,1827.9,117.89,1147942,21.715,51153,49810,47180,4369.5
Dept of Defense,150218781,143499480,83511191,,,62974252,,,9488284,29.314,,803759,759202,
District of Columbia,27306425,33484450,13690644,1648.85,3869.15,11636583,1939.87,416.17,2937225,22.834,73003,51523,47433,4744.49
Federated States of Micronesia,1946643,2318310,1215216,983.52,1878.24,1019326,1172.52,14.1,14592,23.511,71573,7418,6231,2236.89
Florida,727382907,888553390,395107409,1553.65,3386.69,333689480,1839.61,146.11,31380784,22.92,91678,1968949,1879538,4137.08
Georgia,288165984,392757050,158909223,1221.67,2714.1,129709061,1496.69,65.94,6999993,20.544,86899,922634,952563,3699.16
Guam,6310147,6378520,3444562,1828.47,3806.61,3030948,2077.96,43.11,71466,27.713,119493,19808,18069,3847.89
Hawaii,45820307,55994190,26786488,1416.31,3236.19,20053319,1891.88,11.94,169266,20.464,64400,91179,78179,3954.75
Idaho,42441776,59446040,22922217,1134.06,2374.94,20266409,1282.69,57.43,1026553,19.992,57379,102538,97811,3326.45
Illinois,,,,,,,,,,,59790,757830,,
Indian Health Svc,45077664,57234400,24943138,988.46,2164.29,20588058,1197.57,20.14,419558,22.052,34664,72204,70618,2747.96
Indiana,184471713,225404180,96767114,1328.06,2740.15,89407267,1437.37,76.73,5165961,22.918,48419,325958,314104,3348.15
Iowa,94741565,114130830,50623567,1483.77,3002.82,46812914,1604.52,39.74,1253681,23.249,47033,148388,146778,3617.37
Kansas,84254598,104878620,47960332,1396.64,2892.06,40689075,1646.27,,,22.5,60284,175621,164243,3600
Kentucky,4569505,5225825,2556333,48.66,102.28,2174020,57.22,0.59,26477,0.874,42332,189145,15232,116.97
Long Term Care,222653600,,,,,,,,,,,35843,36519,
Louisiana,122598980,156121230,66135241,1226.21,2637.22,57004473,1422.62,77.35,3596044,21.993,70520,327835,305176,3358.31
Maine,49967170,58519320,27472548,1883,3717.21,25311498,2043.76,27.77,373313,23.91,60015,80672,80942,4353.44
Marshall Islands,1070148,1408800,598726,891.96,1832.08,521037,1025,3.93,2272,20.514,36394,2126,2158,2411.75
Maryland,218387557,272746310,117789645,1763.44,3612.32,106613482,1948.33,33.8,2043393,22.422,61265,370372,344415,4511.44
Massachusetts,270067427,301083800,147651318,1877.58,3918.29,129410587,2142.2,33.13,2281457,25.118,46796,322537,297885,4368.28
Michigan,291380551,371012610,157074817,1441.4,2917.64,143948895,1572.8,7.37,737697,21.992,42394,423372,412845,3715.04
Minnesota,182938097,212399330,99188608,1602.49,3243.8,90374701,1758.79,27.38,1543232,24.118,49143,277151,261737,3766.19
Mississippi,74728657,103382680,40738792,1160.54,2510.94,34538970,1368.85,48.51,1443452,20.237,108614,323257,335821,3473.71
Missouri,171807034,214255130,92659036,1306.94,2799.32,80212387,1509.74,75.61,4642140,22.454,55768,342283,346928,3490.96
Montana,29645906,36248900,16059243,1327.88,2773.82,14192065,1502.57,59.98,641163,22.898,60011,64139,67404,3391.61
Nebraska,59393531,69027290,31724258,1498.46,3070.36,28985970,1640,44.3,856735,24.098,55804,107951,90211,3568.41
Nevada,92717158,108776890,51370925,1386.13,3010.16,42695514,1667.79,88.82,2735269,23.869,63838,196634,171844,3531.57
New Hampshire,48207007,58666580,26080853,1701.83,3545.4,23140197,1918.11,64.56,877797,23.011,46146,62744,64714,4314.66
New Jersey,293770349,353832930,164932960,1639.95,3307.4,145663270,1856.88,,,21.592,60204,534727,479157,3983.64
New Mexico,37618856,38968680,20798645,853.32,1794.08,17892680,991.92,12.17,255177,13.516,52351,109775,70780,1858.44
New York State,705997577,801347340,379025938,1740.3,3629.14,338550380,1948.38,90.75,17656012,24.668,79185,1540398,1431630,4119.29
North Carolina,305985182,390065030,170124684,1351.67,2917.45,141764197,1622.08,50.3,5276260,21.963,78603,824422,781024,3719.12
North Dakota,20219523,24907120,10638694,1204.01,2653.25,9175305,1396.03,159.24,1213522,22.737,56908,43368,41822,3268.38
Northern Mariana Islands,1924463,2320340,991955,1647.63,3383.26,937217,1743.88,29.35,16701,23.238,59582,3389,3014,4079.23
Ohio,284882830,348625900,150028894,1186.37,2437.16,138673310,1283.5,65.23,7625234,19.615,38050,444758,397316,2982.5
Oklahoma,112324200,136851750,61234242,1287.93,2838.64,50963151,1547.5,85.71,3391654,22.982,83419,330077,305510,3458.47
Oregon,138063151,175962595,74643141,1606.88,3273.4,67774026,1769.74,30.76,1296666,21.189,61493,259363,219092,4171.97
Pennsylvania,443373603,522878410,254663734,1586.25,3463.31,203072047,1989.23,27.37,3502566,23.749,61971,793393,732846,4084.35
Puerto Rico,126205186,132323260,69312693,1887.17,3951.73,60270425,2170.3,9.79,313399,26.753,140994,450293,400607,4143.28
Republic of Palau,782838,811980,451955,2194.32,4371.65,392937,2523.91,6.65,1190,25.101,138104,2473,1741,4534.46
Rhode Island,40029576,46902650,21855041,1866.11,3778.66,19768897,2063.05,,,23.897,63399,67165,61653,4427.45
South Carolina,141765911,185464990,77505484,1274.1,2753.43,65601166,1505.34,68.53,3528008,21.399,88439,455341,405937,3602.19
South Dakota,26077172,31809090,14343759,1415.35,2947.71,12521151,1621.38,11.36,100484,22.956,60624,53632,56691,3595.65
Tennessee,185504440,232351670,98391517,1226.26,2716.35,83743656,1440.74,130.11,8884357,22.357,83028,567022,552336,3402.34
Texas,687348180,887782100,373067217,1083.89,2370.5,314287863,1286.63,89.71,26009843,17.034,77414,2244668,1648022,3061.74
United States,10334325084,12450898945,5682007019,1463.77,3112.78,4859766792,1711.45,55.64,184753328,22.411,69259,22993873,19863775,3750.33
Utah,93604331,109514620,51929676,1378.49,2919.69,44194564,1619.8,46.03,1474835,23.932,60345,193460,191899,3415.97
Vermont,24823551,28557580,13451874,1925.69,3978.19,12016081,2155.82,83.77,522659,24.341,37568,23442,21237,4576.63
Veterans Health,157183035,178683790,83302158,,,78684570,,,1160777,24.63,,138148,138209,
Virgin Islands,2679276,2960860,1420384,1161.4,2559.5,1215746,1356.9,75.45,78981,24.451,70785,7410,6693,2828.5
Virginia,285586272,334220155,154456275,1593.37,3345.87,136002650,1809.55,63.17,5390183,23.073,75237,642213,572825,3915.64
Washington,76115759,90222160,40784421,483.9,999.57,36849872,535.58,20.27,1544132,6.748,21553,164145,119305,1184.81
West Virginia,42879813,81251680,23927247,1121.73,2392.62,20102921,1335.13,2.34,42048,14.786,18101,32437,35278,4533.73
Wisconsin,186057530,201783640,97866948,1549.82,3195.56,90236763,1680.85,90.82,5287762,25.82,54662,318261,291474,3465.6
Wyoming,14100712,17651350,7641669,1129.26,2436.37,6535531,1320.36,89.33,516869,22.381,72444,41928,41904,3049.88
Oct,22380207152,27119906490,11937880029,91818.48,196837.3,10340017712,104778.34,7678.23,869623984,1437.237,4820552,55166692,50282669,240900.39
Alabama,136241000,201540050,76230296,1271.71,2778.62,62353303,1554.72,36.41,1785742,19.605,67485,330882,315137,4110.39
Alaska,24137830,32183125,12389616,1499.27,3299.57,10967824,1693.61,237.49,1737318,21.746,110260,80658,74489,4399.31
American Samoa,1863065,2001630,1009907,1560.74,3345.48,869165,1813.51,0.58,318,27,75170,4186,3732,3594.27
Arizona,238187209,288856780,122935198,1460.89,3272.4,106331945,1688.94,232.29,16909225,23.091,76320,555506,526334,3968.52
Arkansas,90963468,122945300,49743306,1359.37,3014.24,41023498,1648.33,101.48,3062031,21.459,73487,221756,224557,4073.99
Bureau of Prisons,6790314,7509590,3628956,,,3454055,,,49844,26.225,,11811,13174,
California,1521001178,1757635805,839281924,1746.92,3849.44,690239911,2124.09,116.55,46051656,25.099,84274,3329745,3402332,4448.34
Colorado,215879710,248699525,111311492,1757.22,3748.79,101192540,1932.91,194.87,11223162,25.179,89581,515876,515617,4318.61
Connecticut,151479651,170376315,80334499,2025.43,4248.73,72211961,2253.22,138.87,4951263,25.789,96978,345751,336635,4778.78
Delaware,36367604,46787945,19150895,1708.08,3734.76,16632658,1966.67,211.43,2058916,22.542,96085,93566,80587,4804.83
Dept of Defense,173395256,159433220,94682873,,,72835840,,,12489218,31.535,,549823,494969,
District of Columbia,29975829,36664655,14868838,1779.83,4247.36,12561258,2106.82,504.9,3563301,23.711,93747,66163,68154,5195.14
Federated States of Micronesia,2156641,2539680,1316957,1110.36,2080.83,1150821,1270.69,13.22,13704,24.627,31214,3235,2222,2450.43
Florida,803731527,988417495,424134776,1702.46,3742.17,365654720,1974.75,227.8,48929094,23.583,81190,1743759,1696377,4602.06
Georgia,321125102,438283235,172265768,1361.53,3024.52,144561239,1622.47,116.2,12335597,21.25,71906,763451,808316,4127.96
Guam,7136437,7055250,3773567,2061.15,4305.07,3416733,2276.38,133.96,222121,29.33,133480,22127,20188,4256.12
Hawaii,56024023,70835670,31934662,1710.44,3956.85,24217603,2255.49,95.92,1358084,22.945,72945,103280,95608,5002.98
Idaho,47657809,67836280,24949787,1242.09,2666.81,22197111,1396.14,137.65,2459820,20.377,82379,147222,153504,3795.97
Illinois,48337687,58415125,24887251,180.95,381.46,22929469,196.4,17.43,2209322,2.483,64003,811218,195447,460.98
Indian Health Svc,48952398,62848495,26605718,1060.33,2350.29,22084935,1277.36,58.45,1216559,22.588,41170,85748,87316,3017.48
Indiana,202821234,252468610,103581405,1427.42,3012.7,96096222,1538.61,156.31,10522921,23.302,66944,450683,481857,3750.16
Iowa,103970742,129195585,53885416,1590.09,3295.34,50169183,1707.92,130.96,4132028,23.346,80537,254090,258659,4094.87
Kansas,93185390,117556765,51724350,1516.56,3198.59,44181878,1775.42,22,641363,22.99,82511,240383,238931,4035.14
Kentucky,14677028,19132395,7696213,151.88,328.52,6785061,172.26,17.24,770343,2.301,37609,168057,43914,428.24
Long Term Care,55913779,,,,,,,,,,,21944,50785,
Louisiana,136623164,173645710,71232126,1353.47,2938.9,62920905,1532.25,149.24,6939028,22.816,74471,346197,341195,3735.27
Maine,54821103,65238380,29363161,2017.96,4078.31,27125984,2184.42,130.11,1748769,24.373,100076,134526,144742,4853.29
Marshall Islands,1199585,1630000,673754,997.85,2053.59,582887,1153.4,7.88,4626,21.351,32304,1887,1824,2790.44
Maryland,205319178,258607270,108444558,1627.93,3396.15,98419660,1793.74,96.53,5835502,19.853,89185,539182,453795,4277.55
Massachusetts,293180084,331439880,157538890,1996.69,4253.6,137620346,2285.65,115.34,7950583,25.661,86348,595154,622106,4808.7
Michigan,245610478,312560380,126672603,1167.21,2459.34,116569814,1268.39,106.73,10658123,17.288,81158,810529,623322,3129.73
Minnesota,201183717,238199690,105281127,1713.32,3567.33,96626650,1866.82,140.98,7951036,24.502,91182,514234,538608,4223.68
Mississippi,83746074,114601945,44182593,1297.62,2813.92,38619342,1484.57,103.62,3084049,21.191,66266,197218,172863,3850.69
Missouri,190110352,235990815,99532210,1420.24,3097.57,87165785,1621.72,155.54,9545506,23.364,78031,478918,514841,3845.1
Montana,33067382,40935685,17320680,1436.71,3093.94,15355131,1620.61,164.3,1755623,23.425,90276,96486,101915,3830.13
Nebraska,65360889,77881220,33787971,1610.77,3378.86,31158553,1746.67,140.99,2727140,24.343,82272,159147,161229,4026.1
Nevada,102137120,121213410,55488934,1506.18,3315.96,46392659,1801.51,151.29,4659580,24.438,76043,234223,234717,3935.31
New Hampshire,53502644,64683070,28731082,1806.34,3934.86,24561217,2113.01,164.9,2242474,23.987,116278,158102,149322,4757.12
New Jersey,345720526,420817475,190174653,1898.7,3892.28,168645424,2141.05,14.87,1320180,23.826,83397,740695,751946,4737.76
New Mexico,16824600,19313060,9049241,372.01,802.39,7800286,431.57,26.73,560366,5.227,30931,64874,51913,921.08
New York State,776434709,892314735,411137726,1894.38,3991.24,368526016,2113.44,146.48,28502677,25.24,84049,1635040,1636610,4586.88
North Carolina,344413677,438534080,188826593,1494.95,3283.82,156792122,1800.39,103.75,10880677,22.781,99007,1038378,997553,4181.28
North Dakota,18596723,23273310,9531113,1083.46,2440.31,8256538,1250.7,201.19,1533142,19.186,76722,58467,54043,3054
Northern Mariana Islands,2068875,2512140,1045948,1759.32,3637.12,1000734,1838.77,80.28,45665,23.883,45341,2579,2637,4416.35
Ohio,363729619,455028935,186812738,1483.47,3111.68,173402937,1598.17,152.18,17787963,23.186,73670,861135,926396,3892.75
Oklahoma,125488322,150584410,66598977,1419.62,3171.29,56174498,1683.07,157.89,6247219,24.165,83190,329181,326528,3805.54
Oregon,157678432,202673455,82638550,1797.67,3738.46,75820953,1959.28,134.61,5677648,22.564,90173,380322,388946,4805.26
Pennsylvania,420104164,498809465,239400785,1478.46,3281.56,189271156,1870.06,62.78,8039864,21.057,96736,1238424,1010403,3896.33
Puerto Rico,140548015,144481420,74793196,2093.26,4400.79,66851807,2341.88,86.71,2769605,28.207,103294,329879,354549,4523.98
Republic of Palau,911910,959610,519184,2530.3,5092.46,453105,2899.36,41.45,7423,27.559,34510,618,498,5358.91
Rhode Island,43874955,51142945,23587135,2023.27,4141.66,21433402,2226.55,41.1,435399,24.883,92798,98310,103418,4827.72
South Carolina,159644646,209796625,84339103,1416.5,3100.67,72931895,1638.09,148.07,7623923,22.073,86965,447751,434068,4074.72
South Dakota,15937201,20406850,8606260,834.97,1801.49,7386869,972.82,52.98,468694,12.505,75385,66690,41461,2306.75
Tennessee,208229799,260388520,106368439,1355.19,3049.13,92549214,1557.55,223.22,15245197,23.193,84472,576875,536699,3812.9
Texas,970149734,1252717055,509140391,1519.48,3345.8,440588676,1755.9,190.89,55346268,22.457,73112,2119910,2156874,4320.31
United States,10984377280,13333549385,5892665864,1534.01,3308.58,5092871773,1774.9,122.02,405086395,22.246,81819,27163575,23393791,4016.18
Utah,103620621,121749920,55915635,1517.57,3232.11,48652389,1744.13,103.05,3303224,24.684,79448,254708,271778,3797.6
Vermont,27189398,32055050,14247900,2042.85,4357.33,12747176,2283.35,231.24,1442872,24.604,114627,71526,73866,5137.12
Veterans Health,169804360,190936580,88354493,,,82561003,,,5200419,25.792,,318897,340039,
Virgin Islands,3077225,3342220,1593703,1331.03,2939.67,1393340,1522.47,125.41,131302,26.699,64837,6787,6648,3192.8
Virginia,328255211,385898895,172825830,1796.91,3845.73,153373130,2024.81,158.68,13543655,24.673,97651,833501,847975,4521.08
Washington,288944073,345335835,151008353,1809.41,3794.46,137786396,1983.06,153.97,11722564,24.269,94464,719328,691614,4535.01
West Virginia,45722639,89045475,25272569,1182.92,2551.27,21199660,1410.16,29.24,524374,14.894,25235,45224,39238,4968.66
Wisconsin,205185622,228049615,104503601,1667.87,3524.05,97110135,1794.82,196.42,11435522,26.104,90717,528194,549188,3916.74
Wyoming,15841135,20343445,8348690,1243.89,2737.08,7199212,1442.52,163.56,946758,22.585,84837,49101,44670,3515
Nov,20129723769,25117464750,10339326736,82297.29,185171.28,8915176762,94722.88,14792.37,1585094597,1221.775,7187221,80436935,56854940,231683.21
Alabama,126144024,190294410,67910918,1135.56,2572.71,55679059,1385.04,127.41,6246831,16.573,79489,389742,324162,3881.01
Alaska,22860127,30860385,11140918,1335.28,3124.92,9768197,1522.93,386.38,2826516,18.518,116351,85115,76455,4218.53
American Samoa,1667561,1786380,884298,1616.47,3456.56,779944,1832.68,36.12,17198,21.506,42327,2028,1783,3701.68
Arizona,229139668,283959650,113773341,1346.91,3148.06,98038323,1563.11,340.43,24779510,20.176,109956,800339,616115,3901.25
Arkansas,84668433,117543650,44612860,1216.66,2805.64,36716314,1478.31,195.49,5899992,18.01,93751,282927,194058,3895
Bureau of Prisons,6241941,7028930,3235812,,,3093481,,,226016,22.2,,18514,12948,
California,1418804277,1684120785,755591180,1555.21,3590.81,614504482,1912.29,246.75,97498553,21.068,137835,5446086,3962226,4262.27
Colorado,203758700,239864745,99794098,1559.69,3538.27,89818618,1732.91,368.68,21230920,21.241,155789,897161,707599,4165.22
Connecticut,142201104,163565565,72472365,1783.61,3988.47,63590673,2032.74,322.08,11483656,21.736,164355,585977,471475,4587.73
Delaware,27000323,35867790,13683785,1209.65,2772.76,11779146,1405.24,264.62,2576882,15.056,109840,106959,154439,3683.42
Dept of Defense,160681624,143039620,87991286,,,67946224,,,11028037,28.084,,370626,286027,
District of Columbia,27965209,34842075,13717786,1586.48,3962.49,11196576,1943.71,559.96,3951726,20.072,142483,100558,75148,4936.89
Federated States of Micronesia,1948901,2404590,1178956,1010.82,1900.96,1036363,1149.94,23.77,24351,18.711,40465,4144,4491,2345.6
Florida,741554372,929893215,377515597,1512.14,3452.66,324774559,1757.71,328.16,70486845,19.939,111022,2384466,1752855,4329.56
Georgia,260164659,365641140,134689587,1073.8,2450.36,114008572,1268.56,167.38,17771342,15.658,82858,879746,684417,3443.78
Guam,6590449,6245620,3335416,1819.33,3921.52,3057376,1984.77,265.36,446222,24.298,109643,18450,15827,3716.8
Hawaii,50758814,67960930,28442733,1508.89,3584.97,21363857,2008.86,162.68,2302853,18.675,75957,107548,79879,4799.92
Idaho,45100228,65954100,22298230,1114.42,2523.71,19915267,1247.75,260.42,4653714,17.1,96020,171592,128562,3690.64
Illinois,202537406,247040160,101235358,730.47,1598.33,92563446,798.9,123.11,15601714,9.842,134654,1706267,883762,1949.52
Indian Health Svc,44916968,58909075,23800776,934.84,2156.55,19470871,1142.74,120.36,2506900,19.062,67183,139933,106049,2828.33
Indiana,187342031,242373550,91972603,1255.74,2782.78,84539541,1366.12,258.02,17370975,19.331,85443,575224,465137,3600.22
Iowa,98908615,125785675,48093062,1402.78,3134.92,44258435,1524.3,326.76,10309361,19.664,143406,452453,449385,3986.78
Kansas,87756357,114220605,46760385,1347.38,3012.25,39254071,1605.06,155.92,4541758,19.214,121180,353034,313107,3920.65
Kentucky,128894482,169089655,65604341,1285.22,2885.06,57419464,1468.43,240.26,10733065,19.058,114434,511249,395148,3784.74
Louisiana,125867049,163558740,63463678,1206.38,2707.53,56081812,1365.18,222.57,10347443,19.242,76720,356651,249815,3518.3
Maine,52398105,63212250,26567330,1785.69,3898.07,24003380,1976.42,363.57,4887040,20.722,194693,261708,239170,4702.55
Marshall Islands,1099685,1552030,613358,714.37,1486.96,528511,830.04,18.55,14032,16.34,42174,3183,2472,2095.68
Maryland,206558962,268381460,103298741,1534.45,3416.63,92767502,1708.63,289.12,17479356,17.701,153062,925370,702144,4439.24
Massachusetts,274698361,319960890,142518812,1759.2,3985.49,121251870,2067.73,286.81,19768571,21.465,168758,1163159,859566,4642.16
Michigan,301945139,393774130,148654031,1350.82,3023.4,134904682,1488.53,280.96,28059864,19.171,123198,1230384,1109462,3942.94
Minnesota,193379284,231038120,94299058,1541.15,3428.93,86916139,1672.08,352.37,19873068,20.927,178358,1005865,888515,4096.67
Mississippi,77259114,108187455,39366074,1159.52,2595.94,34509321,1322.73,178.04,5298352,17.858,74240,220942,200146,3635.13
Missouri,177257342,223805235,89233993,1258.89,2888.11,77262718,1453.93,264.16,16212332,19.804,100545,617089,498351,3646.56
Montana,31470144,39584895,15550365,1279.93,2944.48,13679714,1454.97,324.91,3472751,19.876,129508,138417,115043,3703.75
Nebraska,61398763,75361670,30147982,1419.67,3174.02,27462641,1558.5,301.48,5831818,20.369,127144,245952,241299,3895.82
Nevada,94893243,114974220,49893101,1343.26,3080.81,41374980,1619.79,246.42,7591105,20.637,105230,324128,238276,3732.72
New Hampshire,37860000,47154180,20679088,1205.35,2784.43,16389173,1520.84,160.73,2185421,15.259,134737,183206,147304,3467.96
New Jersey,321932489,404522235,170777567,1676.66,3624.48,148924897,1922.7,157.16,13960902,19.905,132990,1181256,908553,4554.34
New Mexico,74293208,86572455,38856394,1570.61,3543.12,32933014,1853.09,238.14,4993321,21.454,147223,308700,238450,4128.75
New York State,715063783,853058515,369517013,1689.52,3675.76,328674630,1899.48,233.32,45390473,20.961,118472,2304664,1818225,4385.09
North Carolina,323619728,426491030,175805166,1336.29,3085.59,140149879,1676.26,175.93,18452374,18.975,113854,1194118,980034,4066.43
North Dakota,21295782,27518700,10696898,1198.91,2794.52,9136499,1403.67,299.55,2282851,19.345,124558,94923,75396,3611.09
Northern Mariana Islands,1921435,2242640,945174,1671.39,3655.49,878995,1797.91,229.21,119879,19.739,152707,7987,5232,4264.57
Ohio,328681542,421569550,159819963,1258.56,2811.86,147117958,1367.24,290.12,33914250,18.713,122394,1430697,980212,3606.52
Oklahoma,117021861,144282820,60377067,1270.31,2957.36,50266677,1525.84,241.84,9569356,20.286,101762,402666,293479,3646.32
Oregon,147618330,192456925,73528261,1585.81,3499.91,66886085,1743.3,307.29,12962062,19.175,137218,578757,433951,4563.03
Pennsylvania,,,,,,,,,,,98065,1255257,,
Puerto Rico,56904116,59967140,29216429,812.04,1781.78,25934162,914.81,101.45,3240190,10.474,120657,385347,74141,1877.67
Republic of Palau,825762,812860,450841,1887.48,3954.46,393696,2161.51,185.84,39685,23.384,104293,2228,1952,3899.62
Rhode Island,41250539,48773675,21295043,1792.24,3893.94,18986403,2010.17,222.59,2358001,21.144,169343,179393,128685,4604.07
South Carolina,148770151,201863855,75730386,1267.41,2889.45,65255699,1470.88,242.45,12481908,18.427,95248,490396,373244,3920.65
South Dakota,27173380,35863175,14179971,1340.92,3071.61,11862792,1602.88,224.63,1987101,18.941,139436,123355,110613,4053.89
Tennessee,195166044,247164980,94865144,1217.05,2857.84,83113283,1389.12,329.49,22503853,19.743,106887,729939,601792,3619.26
Texas,895382585,1182521795,452827656,1350.32,3087.99,391537563,1561.69,280.64,81374396,18.933,95589,2771689,2151051,4078.23
United States,9655762897,12040500500,4978493133,1290.25,2908.31,4283696622,1499.54,221.77,736319848,17.648,119069,39532223,26502168,3626.58
Utah,96726914,118725470,50013707,1364.23,3017.1,43736873,1560.03,211.67,6786611,20.378,106421,341179,288414,3703.3
Vermont,26212605,31016350,12800500,1801.15,4200.81,11238937,2051.42,525.54,3279390,21.122,233154,145484,113833,4970.67
Veterans Health,156878808,177021690,78991324,,,71905999,,,11539710,22.152,,507610,366285,
Virgin Islands,2836368,2910340,1435841,1185.94,2674.88,1257534,1354.1,171.79,182246,22.453,99629,10577,9361,2744.91
Virginia,310175880,373482665,156060383,1599.86,3633.96,136555976,1828.36,326.16,27838695,20.765,157322,1342816,995120,4375.62
Washington,270463114,334107415,134832371,1606.05,3551.77,122300731,1770.62,311.59,23724574,20.243,134651,1025350,960631,4387.54
West Virginia,40902062,82612615,22940142,1031.97,2282.27,18494275,1280.04,33.38,598138,12.379,56589,101414,97421,4609.68
Wisconsin,194081443,222836985,93300186,1472.81,3333.33,85753120,1602.42,378.25,22022200,21.776,147615,859479,640664,3827.22
Wyoming,15071479,19730795,7548874,1119.48,2604.13,6479161,1304.33,282.76,1636493,19.097,109267,63239,53416,3409.14
Dec,22639875694,27827599470,11090327146,89997.23,215267.11,9436033793,104892.51,27597.06,2863254271,1323.37,8532830,94531699,73110309,263250.82
Alabama,147028211,215405160,76265303,1267.29,2998.63,62136241,1555.41,260.21,12760103,18.43,79065,387688,339047,4393.18
Alaska,26868330,35292065,12659280,1498.2,3672.83,10960058,1730.51,578.92,4235128,20.553,96849,70849,67066,4824.33
American Samoa,1961941,2124430,1044615,1814.96,4139.78,860127,2204.21,152.4,72231,24.936,170241,8068,7262,4482.65
Arizona,271945474,329949120,129471536,1511.14,3736.17,109990950,1778.76,561.48,40868211,22.252,125767,915416,802014,4533.07
Arkansas,99196998,133196710,50261827,1359.91,3287.05,41039781,1665.49,356.73,10765164,20.107,93637,282581,254367,4413.71
Bureau of Prisons,7288617,7950920,3604784,,,3433232,,,606821,24.748,,20039,20680,
California,485296959,571917110,251267909,510.26,1228.2,201619385,635.92,122.49,48394047,6.789,130791,5167713,1824723,1447.45
Colorado,245453499,285207505,113607075,1753.59,4262.27,100985642,1972.75,673.96,38811765,23.234,158646,913606,840746,4952.61
Connecticut,170942343,192869315,83123897,1985.89,4794.61,70801888,2331.46,644.09,22964387,23.929,185744,662233,576900,5409.64
Delaware,36300452,46088820,17483455,1508.91,3727.85,14693317,1795.47,556.02,5414397,18.899,184347,179510,124337,4733.04
Dept of Defense,182145870,161757700,100911339,,,76421120,,,12056773,30.41,,307773,280271,
District of Columbia,33062067,41314575,16207628,1787.86,4684.68,12617759,2296.54,741.88,5235627,21.605,170154,120085,104160,5853.99
Federated States of Micronesia,2052940,2693390,1203438,1046.42,2006.4,1070708,1176.16,73.27,74978,19.056,40606,4155,3893,2632.23
Florida,873793112,1075308685,424260950,1686.88,4068.37,362299369,1975.33,568.07,122012665,21.936,126387,2714434,2583674,5006.62
Georgia,307815411,431575000,153410153,1204.48,2899.17,127886716,1444.89,317.06,33662789,17.116,89963,955183,938728,4064.79
Guam,7706269,7429170,3748161,2008.64,4573.75,3384368,2224.59,506.6,853544,28.009,111588,18801,18011,4409.29
Hawaii,29686442,40011050,16444939,865.72,2096.69,12257553,1161.46,124.51,1762949,10.388,211269,299129,62939,2825.92
Idaho,52994897,76711650,24856556,1236.46,2965.48,22096097,1390.91,449.95,8040730,18.652,80511,143876,133098,4292.61
Illinois,318732790,380822345,151876606,1069.93,2515.27,135575979,1198.52,326.78,41408802,14.226,152715,1935184,1098051,3005.27
Indian Health Svc,52753096,67495835,27165690,1041.88,2532.78,21700488,1304.27,233.29,4859374,21.102,72921,151881,141812,3240.6
Indiana,220571105,286801940,103390396,1387.68,3276.34,93423104,1535.79,460.76,31019138,20.765,109967,740314,723015,4260.16
Iowa,119383611,148407215,54326912,1565.88,3783.85,49404747,1721.9,628.62,19833810,21.717,142716,450271,423207,4703.79
Kansas,104877494,134552745,53316783,1510.35,3599.94,44001117,1830.12,367.32,10701250,21.042,129840,378264,360796,4618.54
Kentucky,153252971,196893055,74137952,1440.86,3430.27,64372733,1659.45,451.17,20154875,21.014,107913,482134,429353,4407.06
Louisiana,146684304,183919330,70936232,1339.28,3155.31,62259881,1525.9,387.16,17997859,21.533,89976,418267,371078,3956.3
Maine,64149340,75452960,30475688,2006.06,4772.26,26965547,2267.17,753.57,10129702,22.952,210289,282672,261080,5613.17
Marshall Islands,1265558,1842760,690368,780.02,1627.95,606405,888.02,43.46,33784,18.545,34408,2675,2246,2370.4
Maryland,269119281,344737270,128429016,1870.02,4451.42,113054030,2124.31,596.24,36046327,21.079,162197,980594,908698,5702.23
Massachusetts,332705152,378595700,164224357,1975.88,4827.07,136187825,2382.68,611.54,42149204,23.723,202928,1398673,1238437,5492.87
Michigan,361910170,468253390,168232669,1507.75,3623.86,150576545,1684.52,539.96,53924974,20.868,129347,1291791,1180280,4688.67
Minnesota,236097669,281933110,107081476,1734.75,4186.4,97833975,1898.73,704.35,39723213,22.613,166018,936295,851099,4999.16
Mississippi,89610128,122722345,44028615,1287.04,3010.94,38303854,1479.38,316.48,9418291,19.715,71165,211797,208111,4123.54
Missouri,210566604,259788105,101417673,1408.97,3430.87,86474558,1652.45,468.57,28757211,21.882,115041,706065,660762,4232.83
Montana,37507025,45867345,17615295,1432.71,3509.35,15312555,1648.16,558.92,5973669,22.076,113795,121622,115431,4291.57
Nebraska,73846961,89023630,34099118,1587.25,3817.54,30703978,1762.79,584.54,11307420,22.393,141472,273668,259333,4602.12
Nevada,111839217,133128230,56518400,1499.97,3630.96,46201674,1834.93,439.66,13543025,22.681,115212,354872,320803,4322.12
New Hampshire,,,,,,,,,,,37200,50592,,
New Jersey,384821089,482114995,195295903,1871.93,4332.5,166268655,2198.75,409.4,36364880,21.55,163694,1453964,1332644,5427.91
New Mexico,89032923,100962085,44609916,1756.74,4246.06,36835821,2127.5,494.19,10362457,23.804,150856,316321,301466,4814.98
New York State,870013729,1011254755,426304852,1898.64,4472.27,369354192,2191.39,546.46,106304784,23.22,221969,4318156,4013690,5198.28
North Carolina,385007249,494076160,207680695,1501.57,3670.89,157487984,1980.16,305.18,32005103,21.037,133799,1403254,1225844,4710.86
North Dakota,26040604,31837740,12439159,1377.05,3417.12,10493864,1632.3,529.92,4038264,22.078,155523,118516,113499,4177.82
Northern Mariana Islands,2414982,2927150,1133535,1980.85,4657.54,1027099,2186.13,546.42,283325,22.275,284392,14746,13621,5645.27
Ohio,410551021,515869505,187827517,1466.85,3512.25,171464446,1606.87,559.78,65434832,21.485,127608,1491610,1505860,4413.26
Oklahoma,137901094,166194030,68899532,1420.62,3485.02,56214386,1741.21,413.71,16369634,22.401,109337,432655,392709,4200.04
Oregon,176589905,223651025,82925066,1767.05,4186.81,74529152,1966.11,605.03,25519482,21.319,154702,652497,566419,5302.6
Pennsylvania,139147306,177873555,69508588,445,1086.93,56968720,542.95,136.37,17458787,5.476,107249,1372865,413836,1389.43
Puerto Rico,152818217,167384020,74961421,2041,4785.03,65182370,2347.2,512.27,16359871,24.646,157573,503240,512443,5241.06
Republic of Palau,955353,966230,502608,2006.03,4436.89,431935,2334.23,389.94,83971,26.713,131431,2830,2799,4487.46
Rhode Island,49978427,58300955,24607811,2020.92,4717.79,21409066,2322.88,519.16,5500021,23.149,194749,206311,183250,5503.4
South Carolina,174669559,233134635,85603756,1413.79,3392.51,72793367,1662.64,418.03,21522371,20.225,102819,529395,461619,4528.02
South Dakota,32677900,41828375,16502773,1511.84,3693.87,13374450,1865.43,426.87,3776424,21.094,129488,114555,106214,4728.19
Tennessee,231122832,286571250,106620184,1363.56,3384.36,93119687,1561.24,546.67,37332777,21.77,110573,755130,717318,4196.3
Texas,1052356110,1369232595,512475236,1511.13,3629.33,438164663,1767.4,467.72,135614891,20.749,115432,3347031,3110805,4722.17
United States,11139650383,13681955535,5490879937,1398.07,3355.24,4641651539,1653.83,414.92,1377617540,18.719,143637,47688920,35296454,4120.96
Utah,116336439,141143950,57174029,1545.6,3628.78,49551846,1783.36,432.84,13876794,22.253,149016,477737,492216,4402.55
Vermont,32125431,36883340,14734304,2036.34,5148.39,12706570,2361.3,948.11,5916227,23.515,214289,133715,112836,5910.87
Veterans Health,182538145,201446660,88656537,,,78337307,,,21704773,24.465,,439910,403283,
Virgin Islands,3381508,3524640,1670734,1345.67,3181.4,1430308,1571.85,310.58,330088,25.902,95365,10136,9626,3316.08
Virginia,372911980,440129685,178240376,1802.61,4368.94,153861393,2088.22,612.25,52260378,22.874,164575,1404729,1185909,5156.46
Washington,323863196,396108255,152755676,1800.81,4253.04,137128031,2006,598.04,45539356,22.074,163562,1245506,1148188,5201.75
West Virginia,14083681,20358040,6500286,316.28,785.86,5668017,362.7,125.75,2253590,4.15,440656,789733,18580,1135.97
Wisconsin,234623410,262199255,105450334,1644.95,4029.63,95776680,1811.11,707.39,41186962,24.157,157309,915906,883830,4503.27
Wyoming,17850913,22631365,8570290,1259.44,3084.35,7288939,1480.8,460.03,2662452,21.295,92542,53561,49843,3910.33
2022,1.74E+11,2.22E+11,78268337738,633058.36,1646726.02,66575153923,740081.72,322807.39,34290932083,8264.7,30438848,321599318,117405592,2082589.08
2023,10773701659,15348637990,4347770042,33165.48,96233.96,3708081721,38819.61,26716.76,2993454561,366.173,1669660,15609051,,136163.51
??,3.73E+11,4.65E+11,1.86E+11,1406960.32,3399451.95,1.53E+11,1687275.66,403554.63,43058611571,24967.789,120746509,1360199001,1060096646,4264882.05
